District,year,Year_kharif,Area_Hec_Rice,Prod_Ton_Rice,Yield_Rice,total_agr_Area_hect,rice_area_pct
Agra,2010,2010 - 2011,"4,342.00","9,413.00",2.17,"1,30,466",0.033280701
Agra,2011,2011 - 2012,"6,724.00","16,803.00",2.5,"1,54,325",0.043570387
Agra,2012,2012 - 2013,"3,556.00","8,975.00",2.52,"1,25,489",0.028337145
Agra,2013,2013 - 2014,"8,691.00","22,475.00",2.59,"1,31,795",0.065943321
Agra,2014,2014 - 2015,"10,164.00","24,231.00",2.38,"1,33,468",0.076153085
Agra,2015,2015 - 2016,"9,401.00","22,553.00",2.4,"1,46,986",0.063958472
Agra,2016,2016 - 2017,"4,872.00","13,281.00",2.73,"1,25,719",0.038753092
Agra,2017,2017 - 2018,"5,252.00","13,109.00",2.5,"1,32,357",0.039680561
Agra,2018,2018 - 2019,"5,432.00","13,374.00",2.46,"1,23,499",0.043984162
Agra,2019,2019 - 2020,"5,296.00","13,642.00",2.58,"1,27,721",0.041465382
Agra,2020,2020 - 2021,"5,962.00","16,223.00",2.72,"1,25,234",0.04760688
Agra,2021,2021 - 2022,"4,909.00","12,572.00",2.56,"2,46,486",0.019915938
Aligarh,2010,2010 - 2011,"64,485.00","1,31,614.00",2.04,"2,02,875",0.317855823
Aligarh,2011,2011 - 2012,"70,307.00","1,54,394.00",2.2,"1,97,314",0.356320383
Aligarh,2012,2012 - 2013,"85,311.00","2,09,609.00",2.46,"2,14,373",0.397955899
Aligarh,2013,2013 - 2014,"87,525.00","1,96,144.00",2.24,"2,02,854",0.431467952
Aligarh,2014,2014 - 2015,"90,420.00","2,01,998.00",2.23,"2,05,470",0.440064243
Aligarh,2015,2015 - 2016,"87,723.00","2,05,798.00",2.35,"2,07,556",0.422647382
Aligarh,2016,2016 - 2017,"79,388.00","2,01,328.00",2.54,"2,11,567",0.375238104
Aligarh,2017,2017 - 2018,"83,454.00","2,22,906.00",2.67,"2,04,853",0.407384808
Aligarh,2018,2018 - 2019,"95,680.00","2,30,780.00",2.41,"2,14,076",0.446944076
Aligarh,2019,2019 - 2020,"91,823.00","2,39,658.00",2.61,"2,08,607",0.44017219
Aligarh,2020,2020 - 2021,"83,341.00","2,19,354.00",2.63,"2,05,246",0.406054198
Aligarh,2021,2021 - 2022,"87,759.00","2,18,871.00",2.49,"3,84,214",0.228411771
Allahabad,2010,2010 - 2011,"1,41,316.00","3,28,560.00",2.33,"1,89,498",0.745738741
Allahabad,2011,2011 - 2012,"1,55,232.00","3,97,083.00",2.56,"2,05,983",0.75361559
Allahabad,2012,2012 - 2013,"1,48,937.00","4,27,300.00",2.87,"2,00,946",0.741179222
Allahabad,2013,2013 - 2014,"1,59,525.00","4,20,986.00",2.64,"2,10,035",0.759516271
Allahabad,2014,2014 - 2015,"1,49,419.00","3,13,780.00",2.1,"1,98,345",0.753328796
Allahabad,2015,2015 - 2016,"1,46,462.00","2,68,465.00",1.83,"1,97,880",0.74015565
Allahabad,2016,2016 - 2017,"1,66,477.00","4,59,976.00",2.76,"2,13,433",0.779996533
Allahabad,2017,2017 - 2018,"1,67,118.00","4,58,572.00",2.74,"2,07,666",0.804744156
Allahabad,2018,2018 - 2019,"1,54,505.00","4,82,056.00",3.12,"1,98,054",0.780115524
Allahabad,2019,2019 - 2020,"1,54,773.00","4,83,047.00",3.12,"2,04,699",0.756100421
Allahabad,2020,2020 - 2021,"1,57,847.00","4,96,271.00",3.14,"2,05,090",0.769647472
Allahabad,2021,2021 - 2022,"1,55,439.00","4,63,208.00",2.98,"3,94,421",0.394094128
Ambedkar Nagar,2010,2010 - 2011,"1,13,002.00","2,98,099.00",2.64,"1,28,102",0.882125181
Ambedkar Nagar,2011,2011 - 2012,"1,16,323.00","3,13,374.00",2.69,"1,31,533",0.88436362
Ambedkar Nagar,2012,2012 - 2013,"1,15,800.00","3,19,492.00",2.76,"1,32,207",0.875899158
Ambedkar Nagar,2013,2013 - 2014,"1,15,279.00","3,14,251.00",2.73,"1,30,155",0.885705505
Ambedkar Nagar,2014,2014 - 2015,"1,18,607.00","2,90,706.00",2.45,"1,34,479",0.881974137
Ambedkar Nagar,2015,2015 - 2016,"1,12,181.00","2,36,814.00",2.11,"1,25,250",0.895656687
Ambedkar Nagar,2016,2016 - 2017,"1,16,358.00","2,96,015.00",2.54,"1,31,985",0.881600182
Ambedkar Nagar,2017,2017 - 2018,"1,18,326.00","3,79,590.00",3.21,"1,34,320",0.880926147
Ambedkar Nagar,2018,2018 - 2019,"1,18,618.00","3,59,175.00",3.03,"1,34,875",0.879466172
Ambedkar Nagar,2019,2019 - 2020,"1,14,525.00","3,52,050.00",3.07,"1,29,483",0.884479044
Ambedkar Nagar,2020,2020 - 2021,"1,15,918.00","3,50,884.00",3.03,"1,52,882",0.758218757
Ambedkar Nagar,2021,2021 - 2022,"1,17,615.00","3,23,206.00",2.75,"2,69,981",0.435641767
Amethi,2010,2010 - 2011,"1,13,314.00","2,36,940.00",2.09,"1,24,975",0.906693339
Amethi,2011,2011 - 2012,"1,22,203.00","2,72,146.00",2.23,"1,41,098",0.866085983
Amethi,2012,2012 - 2013,"1,18,227.00","3,08,454.00",2.61,"1,34,979",0.875891805
Amethi,2013,2013 - 2014,"1,23,251.00","2,80,396.00",2.27,"1,38,769",0.888173872
Amethi,2014,2014 - 2015,"97,395.00","1,47,846.00",1.52,"1,10,210",0.883721985
Amethi,2015,2015 - 2016,"92,511.00","1,81,969.00",1.97,"1,05,836",0.874097661
Amethi,2016,2016 - 2017,"1,16,456.00","2,71,110.00",2.33,"1,32,412",0.879497327
Amethi,2017,2017 - 2018,"1,13,979.00","2,77,083.00",2.43,"1,31,315",0.867981571
Amethi,2018,2018 - 2019,"1,21,428.00","3,35,384.00",2.76,"1,38,522",0.876597219
Amethi,2019,2019 - 2020,"1,18,349.00","3,23,685.00",2.74,"1,35,406",0.874030693
Amethi,2020,2020 - 2021,"1,19,311.00","3,18,202.00",2.67,"1,34,300",0.88839166
Amethi,2021,2021 - 2022,"1,19,568.00","2,88,039.00",2.41,"2,63,915",0.453054961
Auraiya,2010,2010 - 2011,"37,124.00","99,641.00",2.68,"89,406",0.415229403
Auraiya,2011,2011 - 2012,"50,179.00","1,45,519.00",2.9,"90,641",0.553601571
Auraiya,2012,2012 - 2013,"52,566.00","1,64,321.00",3.13,"99,784",0.526797883
Auraiya,2013,2013 - 2014,"53,582.00","1,76,070.00",3.29,"95,904",0.558704538
Auraiya,2014,2014 - 2015,"55,752.00","1,75,898.00",3.16,"1,07,257",0.519798242
Auraiya,2015,2015 - 2016,"53,479.00","1,50,811.00",2.82,"97,850",0.546540623
Auraiya,2016,2016 - 2017,"52,248.00","1,59,670.00",3.06,"1,00,146",0.521718291
Auraiya,2017,2017 - 2018,"49,897.00","1,48,094.00",2.97,"96,550",0.516799586
Auraiya,2018,2018 - 2019,"49,084.00","1,51,522.00",3.09,"95,756",0.512594511
Auraiya,2019,2019 - 2020,"47,087.00","1,64,899.00",3.5,"95,463",0.493248693
Auraiya,2020,2020 - 2021,"30,680.00","1,11,092.00",3.62,"83,791",0.366149109
Auraiya,2021,2021 - 2022,"49,320.00","1,67,885.00",3.4,"1,93,213",0.255262327
Azamgarh,2010,2010 - 2011,"2,03,577.00","4,17,536.00",2.05,"2,38,843",0.852346521
Azamgarh,2011,2011 - 2012,"2,10,944.00","4,69,350.00",2.22,"2,50,949",0.840585139
Azamgarh,2012,2012 - 2013,"2,10,961.00","4,53,777.00",2.15,"2,46,459",0.85596793
Azamgarh,2013,2013 - 2014,"2,17,062.00","4,77,971.00",2.2,"2,52,199",0.860677481
Azamgarh,2014,2014 - 2015,"2,02,341.00","4,00,028.00",1.98,"2,37,961",0.850311606
Azamgarh,2015,2015 - 2016,"2,07,312.00","4,08,405.00",1.97,"2,41,928",0.856916107
Azamgarh,2016,2016 - 2017,"2,10,850.00","4,74,202.00",2.25,"2,45,159",0.860054087
Azamgarh,2017,2017 - 2018,"2,16,041.00","5,12,233.00",2.37,"2,45,680",0.879359329
Azamgarh,2018,2018 - 2019,"2,13,970.00","5,25,724.00",2.46,"2,47,555",0.864333178
Azamgarh,2019,2019 - 2020,"2,12,211.00","5,25,647.00",2.48,"2,51,813",0.842732504
Azamgarh,2020,2020 - 2021,"2,12,305.00","5,12,292.00",2.41,"2,39,794",0.885364104
Azamgarh,2021,2021 - 2022,"2,12,579.00","5,08,064.00",2.39,"4,58,940",0.463195625
Baghpat,2010,2010 - 2011,"4,575.00","10,756.00",2.35,"79,564",0.05750088
Baghpat,2011,2011 - 2012,"5,108.00","14,292.00",2.8,"80,417",0.063518908
Baghpat,2012,2012 - 2013,"5,088.00","15,483.00",3.04,"80,411",0.063274925
Baghpat,2013,2013 - 2014,"7,931.00","24,126.00",3.04,"81,977",0.096746648
Baghpat,2014,2014 - 2015,"5,792.00","14,515.00",2.51,"84,400",0.068625592
Baghpat,2015,2015 - 2016,"6,362.00","17,470.00",2.75,"81,068",0.078477328
Baghpat,2016,2016 - 2017,"5,375.00","13,927.00",2.59,"81,720",0.065773372
Baghpat,2017,2017 - 2018,"4,223.00","11,770.00",2.79,"82,074",0.051453566
Baghpat,2018,2018 - 2019,"5,866.00","16,736.00",2.85,"81,621",0.071868759
Baghpat,2019,2019 - 2020,"9,586.00","29,506.00",3.08,"86,091",0.111347295
Baghpat,2020,2020 - 2021,"5,443.00","16,236.00",2.98,"60,356",0.090181589
Baghpat,2021,2021 - 2022,"4,847.00","13,998.00",2.89,"69,800",0.069441261
Bahraich,2010,2010 - 2011,"1,59,111.00","3,29,519.00",2.07,"2,67,196",0.595484214
Bahraich,2011,2011 - 2012,"1,59,686.00","3,52,427.00",2.21,"2,67,798",0.596292728
Bahraich,2012,2012 - 2013,"1,59,182.00","3,80,445.00",2.39,"2,63,851",0.603302622
Bahraich,2013,2013 - 2014,"1,59,025.00","3,75,935.00",2.36,"2,64,545",0.601126462
Bahraich,2014,2014 - 2015,"1,65,249.00","3,67,679.00",2.22,"2,77,826",0.594793144
Bahraich,2015,2015 - 2016,"1,68,151.00","3,17,469.00",1.89,"2,76,838",0.607398551
Bahraich,2016,2016 - 2017,"1,59,187.00","3,60,081.00",2.26,"2,66,627",0.59704006
Bahraich,2017,2017 - 2018,"1,64,735.00","4,18,921.00",2.54,"2,72,516",0.604496617
Bahraich,2018,2018 - 2019,"1,62,206.00","4,22,871.00",2.61,"2,70,088",0.600567223
Bahraich,2019,2019 - 2020,"1,62,178.00","4,33,502.00",2.67,"2,67,683",0.605858422
Bahraich,2020,2020 - 2021,"1,62,847.00","4,39,198.00",2.7,"3,09,404",0.526324805
Bahraich,2021,2021 - 2022,"1,62,320.00","3,74,797.00",2.31,"5,48,412",0.295981853
Ballia,2010,2010 - 2011,"1,08,568.00","2,06,931.00",1.91,"1,51,918",0.714648692
Ballia,2011,2011 - 2012,"1,17,098.00","2,97,663.00",2.54,"1,59,397",0.734631141
Ballia,2012,2012 - 2013,"1,12,168.00","2,44,302.00",2.18,"1,56,448",0.71696666
Ballia,2013,2013 - 2014,"1,18,000.00","2,61,960.00",2.22,"1,62,460",0.726332636
Ballia,2014,2014 - 2015,"1,22,464.00","2,51,908.00",2.06,"1,62,644",0.752957379
Ballia,2015,2015 - 2016,"1,15,763.00","1,96,103.00",1.69,"1,57,508",0.734965843
Ballia,2016,2016 - 2017,"1,15,908.00","2,76,556.00",2.39,"1,60,394",0.722645485
Ballia,2017,2017 - 2018,"1,15,681.00","2,89,550.00",2.5,"1,61,260",0.717357063
Ballia,2018,2018 - 2019,"1,17,147.00","2,91,813.00",2.49,"1,57,296",0.744755111
Ballia,2019,2019 - 2020,"1,17,384.00","3,33,136.00",2.84,"1,56,214",0.75143073
Ballia,2020,2020 - 2021,"1,16,409.00","2,97,309.00",2.55,"1,57,120",0.740892312
Ballia,2021,2021 - 2022,"1,16,196.00","2,97,810.00",2.56,"3,04,250",0.381909614
Balrampur,2010,2010 - 2011,"1,05,641.00","2,30,192.00",2.18,"1,75,130",0.603214755
Balrampur,2011,2011 - 2012,"1,07,106.00","2,35,098.00",2.2,"1,75,503",0.610280166
Balrampur,2012,2012 - 2013,"1,06,533.00","2,47,370.00",2.32,"1,76,049",0.605132662
Balrampur,2013,2013 - 2014,"1,05,387.00","2,32,800.00",2.21,"1,61,357",0.653129396
Balrampur,2014,2014 - 2015,"1,08,030.00","1,98,235.00",1.83,"1,70,253",0.634526264
Balrampur,2015,2015 - 2016,"1,07,782.00","1,94,331.00",1.8,"1,65,030",0.653105496
Balrampur,2016,2016 - 2017,"1,17,531.00","2,53,162.00",2.15,"1,77,018",0.663949429
Balrampur,2017,2017 - 2018,"1,07,125.00","2,62,456.00",2.45,"1,64,271",0.652123625
Balrampur,2018,2018 - 2019,"1,08,909.00","2,94,708.00",2.71,"1,64,608",0.661626409
Balrampur,2019,2019 - 2020,"1,07,189.00","2,97,128.00",2.77,"1,64,552",0.65139895
Balrampur,2020,2020 - 2021,"1,08,645.00","3,12,246.00",2.87,"2,24,068",0.484875127
Balrampur,2021,2021 - 2022,"1,23,673.00","3,24,518.00",2.62,"3,56,265",0.347137664
Banda,2010,2010 - 2011,"47,536.00","54,761.00",1.15,"1,27,195",0.373725382
Banda,2011,2011 - 2012,"55,840.00","82,587.00",1.48,"1,30,451",0.428053445
Banda,2012,2012 - 2013,"49,833.00","87,208.00",1.75,"1,22,409",0.407102419
Banda,2013,2013 - 2014,"56,350.00","1,01,881.00",1.81,"1,20,654",0.467037976
Banda,2014,2014 - 2015,"45,895.00","81,923.00",1.79,"1,19,599",0.383740667
Banda,2015,2015 - 2016,"44,983.00","58,253.00",1.3,"1,47,387",0.305203308
Banda,2016,2016 - 2017,"61,205.00","1,05,028.00",1.72,"1,20,984",0.505893341
Banda,2017,2017 - 2018,"51,760.00","1,02,019.00",1.97,"1,14,925",0.450380683
Banda,2018,2018 - 2019,"51,864.00","1,09,589.00",2.11,"1,15,481",0.449112841
Banda,2019,2019 - 2020,"46,958.00","1,23,734.00",2.63,"1,13,660",0.413144466
Banda,2020,2020 - 2021,"53,038.00","1,27,344.00",2.4,"1,22,577",0.432691288
Banda,2021,2021 - 2022,"47,461.00","1,13,527.00",2.39,"1,95,945",0.242215928
Barabanki,2010,2010 - 2011,"1,76,864.00","4,20,936.00",2.38,"2,06,016",0.858496427
Barabanki,2011,2011 - 2012,"1,77,698.00","4,86,004.00",2.73,"2,05,981",0.862691219
Barabanki,2012,2012 - 2013,"1,83,962.00","5,62,372.00",3.06,"2,11,650",0.86918025
Barabanki,2013,2013 - 2014,"1,81,235.00","5,17,970.00",2.86,"2,08,247",0.870288648
Barabanki,2014,2014 - 2015,"1,91,884.00","5,29,600.00",2.76,"2,18,036",0.880056504
Barabanki,2015,2015 - 2016,"1,86,626.00","5,13,408.00",2.75,"2,10,626",0.886053953
Barabanki,2016,2016 - 2017,"1,83,331.00","4,99,760.00",2.73,"2,09,395",0.875527114
Barabanki,2017,2017 - 2018,"1,81,604.00","5,20,659.00",2.87,"2,07,971",0.873217901
Barabanki,2018,2018 - 2019,"1,83,466.00","5,30,400.00",2.89,"2,08,095",0.881645402
Barabanki,2019,2019 - 2020,"1,80,663.00","6,13,712.00",3.4,"2,05,455",0.87933124
Barabanki,2020,2020 - 2021,"1,82,412.00","5,96,852.00",3.27,"2,02,895",0.899046305
Barabanki,2021,2021 - 2022,"1,80,443.00","4,48,762.00",2.49,"4,02,847",0.447919433
Bareilly,2010,2010 - 2011,"1,63,015.00","2,70,279.00",1.66,"2,55,016",0.639234401
Bareilly,2011,2011 - 2012,"1,66,888.00","4,20,558.00",2.52,"2,74,904",0.60707738
Bareilly,2012,2012 - 2013,"1,45,203.00","3,24,384.00",2.23,"2,66,435",0.544984705
Bareilly,2013,2013 - 2014,"1,62,916.00","3,66,561.00",2.25,"2,72,260",0.598383898
Bareilly,2014,2014 - 2015,"1,62,390.00","3,34,361.00",2.06,"2,77,163",0.585900715
Bareilly,2015,2015 - 2016,"1,58,117.00","3,26,353.00",2.06,"2,67,116",0.591941329
Bareilly,2016,2016 - 2017,"1,59,246.00","3,56,074.00",2.24,"2,71,903",0.585672096
Bareilly,2017,2017 - 2018,"1,44,194.00","3,54,861.00",2.46,"2,57,832",0.559255639
Bareilly,2018,2018 - 2019,"1,50,203.00","4,01,793.00",2.67,"2,62,700",0.571766273
Bareilly,2019,2019 - 2020,"1,64,822.00","3,94,089.00",2.39,"2,72,278",0.605344538
Bareilly,2020,2020 - 2021,"1,56,904.00","4,89,854.00",3.12,"2,71,093",0.578782927
Bareilly,2021,2021 - 2022,"1,57,924.00","3,94,968.00",2.5,"4,55,550",0.346666667
Basti,2010,2010 - 2011,"1,02,314.00","2,15,473.00",2.11,"1,43,774",0.711630754
Basti,2011,2011 - 2012,"1,22,176.00","3,16,802.00",2.59,"1,66,673",0.733028145
Basti,2012,2012 - 2013,"1,07,977.00","2,65,084.00",2.46,"1,52,748",0.706896326
Basti,2013,2013 - 2014,"1,04,860.00","2,63,933.00",2.52,"1,50,792",0.695394981
Basti,2014,2014 - 2015,"1,04,328.00","2,02,814.00",1.94,"1,46,142",0.71388102
Basti,2015,2015 - 2016,"98,297.00","1,84,798.00",1.88,"1,44,433",0.680571615
Basti,2016,2016 - 2017,"1,02,554.00","2,11,671.00",2.06,"1,43,853",0.712908316
Basti,2017,2017 - 2018,"1,05,368.00","3,12,627.00",2.97,"1,51,651",0.694805837
Basti,2018,2018 - 2019,"1,07,365.00","3,02,555.00",2.82,"1,54,441",0.695184569
Basti,2019,2019 - 2020,"1,05,375.00","2,85,250.00",2.71,"1,61,075",0.654198355
Basti,2020,2020 - 2021,"1,04,824.00","2,73,905.00",2.61,"1,71,083",0.612708451
Basti,2021,2021 - 2022,"1,32,479.00","3,36,497.00",2.54,"3,30,742",0.400550883
Bijnor,2010,2010 - 2011,"55,816.00","1,31,000.00",2.35,"2,84,024",0.196518604
Bijnor,2011,2011 - 2012,"53,734.00","1,28,800.00",2.4,"2,89,420",0.185660977
Bijnor,2012,2012 - 2013,"51,390.00","1,29,708.00",2.52,"2,69,128",0.190950031
Bijnor,2013,2013 - 2014,"52,943.00","1,23,304.00",2.33,"2,57,319",0.205748507
Bijnor,2014,2014 - 2015,"54,742.00","1,43,205.00",2.62,"2,70,322",0.20250664
Bijnor,2015,2015 - 2016,"51,317.00","1,32,911.00",2.59,"2,57,181",0.199536513
Bijnor,2016,2016 - 2017,"53,369.00","1,34,863.00",2.53,"2,61,563",0.204038798
Bijnor,2017,2017 - 2018,"50,835.00","1,27,647.00",2.51,"2,54,936",0.199402987
Bijnor,2018,2018 - 2019,"54,482.00","1,31,629.00",2.42,"2,61,379",0.208440617
Bijnor,2019,2019 - 2020,"57,985.00","1,53,950.00",2.65,"2,61,686",0.221582354
Bijnor,2020,2020 - 2021,"54,801.00","1,63,362.00",2.98,"3,18,032",0.172312849
Bijnor,2021,2021 - 2022,"56,430.00","1,57,270.00",2.79,"3,80,487",0.148309929
Budaun,2010,2010 - 2011,"84,311.00","1,58,167.00",1.88,"2,99,225",0.281764558
Budaun,2011,2011 - 2012,"87,728.00","1,87,299.00",2.13,"2,98,572",0.293825275
Budaun,2012,2012 - 2013,"83,806.00","1,91,329.00",2.28,"2,66,768",0.314153122
Budaun,2013,2013 - 2014,"79,975.00","1,76,185.00",2.2,"2,64,393",0.302485315
Budaun,2014,2014 - 2015,"81,242.00","1,66,790.00",2.05,"2,71,120",0.29965329
Budaun,2015,2015 - 2016,"66,610.00","1,23,029.00",1.85,"2,55,175",0.261036544
Budaun,2016,2016 - 2017,"69,991.00","1,48,171.00",2.12,"2,62,631",0.266499385
Budaun,2017,2017 - 2018,"73,986.00","1,51,375.00",2.05,"2,50,809",0.294989414
Budaun,2018,2018 - 2019,"1,00,181.00","2,52,556.00",2.52,"2,62,413",0.381768434
Budaun,2019,2019 - 2020,"78,094.00","2,06,090.00",2.64,"2,54,932",0.306332669
Budaun,2020,2020 - 2021,"82,772.00","2,19,346.00",2.65,"2,41,898",0.342177281
Budaun,2021,2021 - 2022,"82,985.00","2,10,782.00",2.54,"4,75,516",0.174515684
Bulandshahr,2010,2010 - 2011,"74,827.00","1,68,885.00",2.26,"2,00,790",0.372662981
Bulandshahr,2011,2011 - 2012,"88,300.00","2,09,271.00",2.37,"2,20,072",0.401232324
Bulandshahr,2012,2012 - 2013,"83,783.00","2,16,328.00",2.58,"2,06,315",0.406092625
Bulandshahr,2013,2013 - 2014,"95,669.00","2,51,801.00",2.63,"2,11,872",0.451541497
Bulandshahr,2014,2014 - 2015,"1,07,595.00","2,75,551.00",2.56,"2,17,072",0.495665033
Bulandshahr,2015,2015 - 2016,"1,03,446.00","2,78,063.00",2.69,"2,05,990",0.502189427
Bulandshahr,2016,2016 - 2017,"83,816.00","2,11,719.00",2.53,"2,00,510",0.418014064
Bulandshahr,2017,2017 - 2018,"92,571.00","2,78,824.00",3.01,"2,05,826",0.449753675
Bulandshahr,2018,2018 - 2019,"93,425.00","2,64,299.00",2.83,"2,10,740",0.443318781
Bulandshahr,2019,2019 - 2020,"97,137.00","2,80,435.00",2.89,"2,07,303",0.468574984
Bulandshahr,2020,2020 - 2021,"90,244.00","2,56,293.00",2.84,"2,10,374",0.428969359
Bulandshahr,2021,2021 - 2022,"92,914.00","2,60,995.00",2.81,"3,65,363",0.254305992
Chandauli,2010,2010 - 2011,"98,325.00","2,70,984.00",2.76,"1,08,072",0.909810127
Chandauli,2011,2011 - 2012,"1,11,777.00","2,99,451.00",2.68,"1,23,888",0.902242348
Chandauli,2012,2012 - 2013,"1,08,200.00","3,02,203.00",2.79,"1,17,446",0.921274458
Chandauli,2013,2013 - 2014,"1,12,455.00","3,00,817.00",2.67,"1,22,073",0.921211079
Chandauli,2014,2014 - 2015,"1,02,598.00","3,03,793.00",2.96,"1,17,445",0.873583379
Chandauli,2015,2015 - 2016,"1,13,922.00","3,51,449.00",3.08,"1,23,517",0.922318385
Chandauli,2016,2016 - 2017,"1,16,007.00","3,19,135.00",2.75,"1,26,666",0.915849557
Chandauli,2017,2017 - 2018,"1,14,635.00","3,52,159.00",3.07,"1,22,720",0.934118318
Chandauli,2018,2018 - 2019,"1,12,163.00","3,57,015.00",3.18,"1,21,919",0.919979659
Chandauli,2019,2019 - 2020,"1,14,277.00","3,81,571.00",3.34,"1,23,812",0.922988079
Chandauli,2020,2020 - 2021,"1,14,594.00","3,74,035.00",3.26,"1,24,764",0.918486102
Chandauli,2021,2021 - 2022,"1,14,961.00","3,86,269.00",3.36,"2,44,709",0.469786563
Chitrakoot,2010,2010 - 2011,"7,506.00","5,892.00",0.78,"58,627",0.128029747
Chitrakoot,2011,2011 - 2012,"7,886.00","7,949.00",1.01,"59,615",0.132282144
Chitrakoot,2012,2012 - 2013,"8,494.00","12,741.00",1.5,"60,360",0.140722333
Chitrakoot,2013,2013 - 2014,"10,155.00","18,208.00",1.79,"48,117",0.21104807
Chitrakoot,2014,2014 - 2015,"12,662.00","12,763.00",1.01,"46,193",0.274110796
Chitrakoot,2015,2015 - 2016,"12,842.00","8,566.00",0.67,"62,573",0.205232289
Chitrakoot,2016,2016 - 2017,"12,547.00","25,972.00",2.07,"67,438",0.186052374
Chitrakoot,2017,2017 - 2018,"8,957.00","16,839.00",1.88,"57,758",0.155078084
Chitrakoot,2018,2018 - 2019,"9,109.00","14,665.00",1.61,"53,706",0.16960861
Chitrakoot,2019,2019 - 2020,"10,206.00","20,677.00",2.03,"62,491",0.163319518
Chitrakoot,2020,2020 - 2021,"10,216.00","28,237.00",2.76,"57,329",0.178199515
Chitrakoot,2021,2021 - 2022,"10,215.00","22,831.00",2.24,"97,520",0.104747744
Deoria,2010,2010 - 2011,"1,28,344.00","2,56,303.00",2,"1,51,274",0.848420746
Deoria,2011,2011 - 2012,"1,30,611.00","2,87,736.00",2.2,"1,51,971",0.859446868
Deoria,2012,2012 - 2013,"1,32,142.00","2,95,337.00",2.23,"1,53,685",0.859823665
Deoria,2013,2013 - 2014,"1,35,616.00","3,33,480.00",2.46,"1,58,273",0.85684861
Deoria,2014,2014 - 2015,"1,32,892.00","2,66,980.00",2.01,"1,54,430",0.86053228
Deoria,2015,2015 - 2016,"1,24,280.00","96,441.00",0.78,"1,44,283",0.861362739
Deoria,2016,2016 - 2017,"1,33,390.00","2,79,319.00",2.09,"1,54,567",0.862991454
Deoria,2017,2017 - 2018,"1,35,889.00","3,12,409.00",2.3,"1,56,880",0.866197093
Deoria,2018,2018 - 2019,"1,32,611.00","2,72,383.00",2.05,"1,53,779",0.862347915
Deoria,2019,2019 - 2020,"1,27,424.00","3,40,477.00",2.67,"1,51,069",0.843482117
Deoria,2020,2020 - 2021,"1,33,403.00","2,88,817.00",2.16,"1,49,603",0.891713401
Deoria,2021,2021 - 2022,"1,31,385.00","2,88,784.00",2.2,"2,85,397",0.460358728
Etah,2010,2010 - 2011,"21,823.00","45,872.00",2.1,"88,198",0.247431915
Etah,2011,2011 - 2012,"27,072.00","69,358.00",2.56,"99,058",0.273294434
Etah,2012,2012 - 2013,"18,727.00","49,608.00",2.65,"96,602",0.19385727
Etah,2013,2013 - 2014,"19,297.00","45,001.00",2.33,"93,949",0.205398674
Etah,2014,2014 - 2015,"18,244.00","40,283.00",2.21,"90,476",0.201644635
Etah,2015,2015 - 2016,"29,394.00","45,414.00",1.55,"1,15,587",0.254301954
Etah,2016,2016 - 2017,"17,804.00","38,920.00",2.19,"97,326",0.182931591
Etah,2017,2017 - 2018,"14,244.00","36,750.00",2.58,"91,559",0.155571817
Etah,2018,2018 - 2019,"17,697.00","47,163.00",2.67,"91,328",0.193774089
Etah,2019,2019 - 2020,"19,215.00","55,935.00",2.91,"95,203",0.201831875
Etah,2020,2020 - 2021,"19,989.00","57,568.00",2.88,"1,06,643",0.187438463
Etah,2021,2021 - 2022,"18,261.00","48,775.00",2.67,"1,92,737",0.09474569
Etawah,2010,2010 - 2011,"43,727.00","1,08,224.00",2.47,"91,505",0.477864598
Etawah,2011,2011 - 2012,"50,571.00","1,36,997.00",2.71,"96,562",0.523715333
Etawah,2012,2012 - 2013,"49,251.00","1,45,734.00",2.96,"94,156",0.52307872
Etawah,2013,2013 - 2014,"58,263.00","1,69,604.00",2.91,"1,02,642",0.567633133
Etawah,2014,2014 - 2015,"52,797.00","1,36,533.00",2.59,"1,00,080",0.527547962
Etawah,2015,2015 - 2016,"53,707.00","1,32,441.00",2.47,"1,01,743",0.527869239
Etawah,2016,2016 - 2017,"50,515.00","1,37,906.00",2.73,"97,524",0.517975063
Etawah,2017,2017 - 2018,"51,452.00","1,47,204.00",2.86,"99,833",0.515380686
Etawah,2018,2018 - 2019,"54,256.00","1,67,380.00",3.09,"1,00,949",0.537459509
Etawah,2019,2019 - 2020,"51,152.00","1,59,185.00",3.11,"96,693",0.52901451
Etawah,2020,2020 - 2021,"53,758.00","1,69,983.00",3.16,"98,722",0.544539211
Etawah,2021,2021 - 2022,"50,869.00","1,55,964.00",3.07,"1,91,359",0.265830194
Faizabad,2010,2010 - 2011,"97,099.00","2,14,200.00",2.21,"1,24,533",0.779704978
Faizabad,2011,2011 - 2012,"99,295.00","2,36,719.00",2.38,"1,28,061",0.775372674
Faizabad,2012,2012 - 2013,"99,791.00","2,53,569.00",2.54,"1,29,467",0.770783288
Faizabad,2013,2013 - 2014,"1,03,896.00","2,72,519.00",2.62,"1,31,430",0.790504451
Faizabad,2014,2014 - 2015,"94,586.00","2,07,805.00",2.2,"1,22,236",0.773798226
Faizabad,2015,2015 - 2016,"93,220.00","1,94,643.00",2.09,"1,18,036",0.789759057
Faizabad,2016,2016 - 2017,"97,623.00","2,49,329.00",2.55,"1,27,027",0.768521653
Faizabad,2017,2017 - 2018,"1,01,927.00","2,63,889.00",2.59,"1,30,306",0.782212638
Faizabad,2018,2018 - 2019,"97,493.00","2,87,312.00",2.95,"1,25,397",0.77747474
Faizabad,2019,2019 - 2020,"96,123.00","2,84,140.00",2.96,"1,26,322",0.760936337
Faizabad,2020,2020 - 2021,"98,379.00","2,82,938.00",2.88,"1,70,537",0.576877745
Faizabad,2021,2021 - 2022,"1,00,263.00","2,54,568.00",2.54,"2,80,068",0.357995201
Farrukhabad,2010,2010 - 2011,"14,963.00","24,075.00",1.61,"68,616",0.218068672
Farrukhabad,2011,2011 - 2012,"14,915.00","33,469.00",2.24,"64,489",0.231279753
Farrukhabad,2012,2012 - 2013,"15,283.00","42,471.00",2.78,"65,492",0.233356746
Farrukhabad,2013,2013 - 2014,"16,524.00","44,202.00",2.68,"72,195",0.228880116
Farrukhabad,2014,2014 - 2015,"11,900.00","33,213.00",2.79,"57,296",0.207693382
Farrukhabad,2015,2015 - 2016,"11,049.00","24,816.00",2.25,"64,869",0.170327892
Farrukhabad,2016,2016 - 2017,"16,441.00","43,421.00",2.64,"69,084",0.237985641
Farrukhabad,2017,2017 - 2018,"14,261.00","43,082.00",3.02,"65,202",0.218720285
Farrukhabad,2018,2018 - 2019,"14,095.00","42,609.00",3.02,"64,877",0.217257271
Farrukhabad,2019,2019 - 2020,"13,928.00","52,690.00",3.78,"70,061",0.19879819
Farrukhabad,2020,2020 - 2021,"13,842.00","44,987.00",3.25,"61,974",0.223351728
Farrukhabad,2021,2021 - 2022,"13,551.00","39,718.00",2.93,"1,17,188",0.115634707
Fatehpur,2010,2010 - 2011,"63,527.00","1,34,105.00",2.11,"1,33,075",0.477377419
Fatehpur,2011,2011 - 2012,"77,736.00","1,82,446.00",2.35,"1,41,631",0.54886289
Fatehpur,2012,2012 - 2013,"77,164.00","1,89,515.00",2.46,"1,41,972",0.543515623
Fatehpur,2013,2013 - 2014,"86,459.00","2,25,226.00",2.61,"1,44,034",0.600267992
Fatehpur,2014,2014 - 2015,"80,702.00","1,57,046.00",1.95,"1,44,359",0.559036846
Fatehpur,2015,2015 - 2016,"81,949.00","1,67,750.00",2.05,"1,47,593",0.555236359
Fatehpur,2016,2016 - 2017,"86,789.00","2,15,671.00",2.49,"1,52,523",0.569022377
Fatehpur,2017,2017 - 2018,"82,064.00","2,16,649.00",2.64,"1,42,965",0.574014619
Fatehpur,2018,2018 - 2019,"83,788.00","2,44,493.00",2.92,"1,36,431",0.614141947
Fatehpur,2019,2019 - 2020,"80,346.00","2,41,199.00",3,"1,44,232",0.557060846
Fatehpur,2020,2020 - 2021,"82,279.00","2,41,324.00",2.93,"1,40,360",0.586199772
Fatehpur,2021,2021 - 2022,"84,644.00","2,38,273.00",2.82,"2,51,605",0.336416208
Firozabad,2010,2010 - 2011,"19,919.00","54,976.00",2.76,"99,141",0.200915867
Firozabad,2011,2011 - 2012,"25,410.00","72,164.00",2.84,"1,00,055",0.253960322
Firozabad,2012,2012 - 2013,"19,297.00","54,726.00",2.84,"97,379",0.198163875
Firozabad,2013,2013 - 2014,"21,599.00","59,354.00",2.75,"1,04,350",0.206986104
Firozabad,2014,2014 - 2015,"23,319.00","56,619.00",2.43,"1,13,713",0.205068902
Firozabad,2015,2015 - 2016,"23,517.00","56,370.00",2.4,"1,07,744",0.218267375
Firozabad,2016,2016 - 2017,"24,144.00","61,398.00",2.54,"1,09,047",0.221409117
Firozabad,2017,2017 - 2018,"22,529.00","61,662.00",2.74,"1,18,129",0.190715235
Firozabad,2018,2018 - 2019,"22,613.00","61,779.00",2.73,"1,07,976",0.209426169
Firozabad,2019,2019 - 2020,"22,723.00","64,533.00",2.84,"1,11,988",0.202905668
Firozabad,2020,2020 - 2021,"25,195.00","66,968.00",2.66,"1,11,778",0.225402136
Firozabad,2021,2021 - 2022,"23,264.00","59,044.00",2.54,"2,18,452",0.106494791
Gautam Buddha Nagar,2010,2010 - 2011,"23,459.00","48,701.00",2.08,"30,181",0.777277095
Gautam Buddha Nagar,2011,2011 - 2012,"22,276.00","49,809.00",2.24,"27,872",0.799225029
Gautam Buddha Nagar,2012,2012 - 2013,"23,455.00","49,772.00",2.12,"29,350",0.799148211
Gautam Buddha Nagar,2013,2013 - 2014,"13,750.00","33,660.00",2.45,"28,744",0.478360701
Gautam Buddha Nagar,2014,2014 - 2015,"22,522.00","62,701.00",2.78,"26,971",0.835045048
Gautam Buddha Nagar,2015,2015 - 2016,"26,352.00","68,937.00",2.62,"31,569",0.834742944
Gautam Buddha Nagar,2016,2016 - 2017,"15,368.00","37,498.00",2.44,"29,513",0.520719683
Gautam Buddha Nagar,2017,2017 - 2018,"14,040.00","35,914.00",2.56,"28,233",0.497290405
Gautam Buddha Nagar,2018,2018 - 2019,"15,119.00","43,271.00",2.86,"24,016",0.629538641
Gautam Buddha Nagar,2019,2019 - 2020,"14,583.00","42,612.00",2.92,"20,020",0.728421578
Gautam Buddha Nagar,2020,2020 - 2021,"15,025.00","41,920.00",2.79,"17,987",0.835325513
Gautam Buddha Nagar,2021,2021 - 2022,"14,239.00","33,220.00",2.33,"49,903",0.285333547
Ghaziabad,2010,2010 - 2011,"30,102.00","76,730.00",2.55,"91,714",0.328215976
Ghaziabad,2011,2011 - 2012,"29,971.00","81,731.00",2.73,"95,689",0.313212595
Ghaziabad,2012,2012 - 2013,"10,098.00","26,083.00",2.58,"32,697",0.308835673
Ghaziabad,2013,2013 - 2014,"9,296.00","25,267.00",2.72,"31,838",0.291978139
Ghaziabad,2014,2014 - 2015,"8,650.00","23,727.00",2.74,"20,473",0.422507693
Ghaziabad,2015,2015 - 2016,"9,749.00","25,035.00",2.57,"30,659",0.317981669
Ghaziabad,2016,2016 - 2017,"9,316.00","22,964.00",2.47,"31,284",0.297788007
Ghaziabad,2017,2017 - 2018,"8,948.00","23,292.00",2.6,"33,686",0.265629638
Ghaziabad,2018,2018 - 2019,"9,098.00","23,327.00",2.56,"33,019",0.275538326
Ghaziabad,2019,2019 - 2020,"10,662.00","29,758.00",2.79,"33,952",0.314031574
Ghaziabad,2020,2020 - 2021,"8,104.00","23,550.00",2.91,"30,976",0.261621901
Ghaziabad,2021,2021 - 2022,"9,647.00","26,047.00",2.7,"43,470",0.221923165
Ghazipur,2010,2010 - 2011,"1,49,321.00","3,14,321.00",2.11,"1,83,321",0.814532978
Ghazipur,2011,2011 - 2012,"1,54,085.00","3,36,830.00",2.19,"1,83,751",0.83855326
Ghazipur,2012,2012 - 2013,"1,49,175.00","3,48,622.00",2.34,"1,82,504",0.817379345
Ghazipur,2013,2013 - 2014,"1,48,895.00","3,18,040.00",2.14,"1,81,420",0.820719877
Ghazipur,2014,2014 - 2015,"1,36,673.00","2,94,257.00",2.15,"1,67,718",0.814897626
Ghazipur,2015,2015 - 2016,"1,54,411.00","3,34,300.00",2.17,"1,86,710",0.827009801
Ghazipur,2016,2016 - 2017,"1,47,673.00","3,17,054.00",2.15,"1,81,133",0.81527386
Ghazipur,2017,2017 - 2018,"1,54,815.00","3,84,251.00",2.48,"1,86,690",0.829262414
Ghazipur,2018,2018 - 2019,"1,51,778.00","4,00,087.00",2.64,"1,85,633",0.817624022
Ghazipur,2019,2019 - 2020,"1,46,713.00","3,82,187.00",2.6,"1,78,842",0.820349806
Ghazipur,2020,2020 - 2021,"1,59,976.00","4,67,290.00",2.92,"1,89,297",0.845105839
Ghazipur,2021,2021 - 2022,"1,51,187.00","4,08,054.00",2.7,"3,50,766",0.43101954
Gonda,2010,2010 - 2011,"1,17,388.00","2,63,888.00",2.25,"2,44,771",0.479582957
Gonda,2011,2011 - 2012,"1,21,429.00","2,79,651.00",2.3,"2,51,382",0.483045723
Gonda,2012,2012 - 2013,"1,22,264.00","2,87,932.00",2.36,"2,50,030",0.48899732
Gonda,2013,2013 - 2014,"1,26,768.00","3,10,582.00",2.45,"2,60,940",0.485812831
Gonda,2014,2014 - 2015,"1,34,534.00","2,78,485.00",2.07,"2,64,492",0.508650545
Gonda,2015,2015 - 2016,"1,25,044.00","2,57,716.00",2.06,"2,24,113",0.557950677
Gonda,2016,2016 - 2017,"1,30,230.00","3,01,092.00",2.31,"2,62,094",0.496882798
Gonda,2017,2017 - 2018,"1,25,429.00","2,94,507.00",2.35,"2,57,772",0.486588924
Gonda,2018,2018 - 2019,"1,29,176.00","3,07,697.00",2.38,"2,60,939",0.495042903
Gonda,2019,2019 - 2020,"1,23,711.00","3,18,556.00",2.58,"2,55,715",0.483784682
Gonda,2020,2020 - 2021,"1,31,615.00","3,20,219.00",2.43,"2,60,969",0.504331932
Gonda,2021,2021 - 2022,"1,30,022.00","3,10,232.00",2.39,"4,35,931",0.298262798
Gorakhpur,2010,2010 - 2011,"1,53,977.00","3,12,111.00",2.03,"1,68,633",0.913089372
Gorakhpur,2011,2011 - 2012,"1,52,103.00","3,32,041.00",2.18,"1,64,941",0.922166108
Gorakhpur,2012,2012 - 2013,"1,51,122.00","3,44,256.00",2.28,"1,63,882",0.9221391
Gorakhpur,2013,2013 - 2014,"1,50,740.00","3,62,228.00",2.4,"1,62,501",0.927625061
Gorakhpur,2014,2014 - 2015,"1,52,431.00","3,36,873.00",2.21,"1,64,862",0.924597542
Gorakhpur,2015,2015 - 2016,"1,50,502.00","2,09,950.00",1.39,"1,63,773",0.918967107
Gorakhpur,2016,2016 - 2017,"1,52,450.00","2,82,033.00",1.85,"1,66,016",0.918284985
Gorakhpur,2017,2017 - 2018,"1,53,182.00","3,90,920.00",2.55,"1,64,345",0.932075816
Gorakhpur,2018,2018 - 2019,"1,50,555.00","4,01,681.00",2.67,"1,65,500",0.909697885
Gorakhpur,2019,2019 - 2020,"1,46,139.00","4,08,605.00",2.8,"1,57,753",0.926378579
Gorakhpur,2020,2020 - 2021,"1,52,141.00","3,66,508.00",2.41,"1,74,471",0.872013114
Gorakhpur,2021,2021 - 2022,"1,52,450.00","3,40,268.00",2.23,"3,29,454",0.462735314
Hamirpur,2010,2010 - 2011,159,177,1.11,"1,11,373",0.001427635
Hamirpur,2011,2011 - 2012,76,119,1.57,"95,475",0.00079602
Hamirpur,2012,2012 - 2013,97,181,1.87,"90,670",0.001069814
Hamirpur,2013,2013 - 2014,84,152,1.81,"1,02,678",0.000818092
Hamirpur,2014,2014 - 2015,41,66,1.61,"1,06,401",0.000385335
Hamirpur,2015,2015 - 2016,72,83,1.15,"1,20,457",0.000597724
Hamirpur,2016,2016 - 2017,148,263,1.78,"84,637",0.001748644
Hamirpur,2017,2017 - 2018,41,80,1.95,"98,978",0.000414233
Hamirpur,2018,2018 - 2019,177,367,2.07,"83,477",0.002120345
Hamirpur,2019,2019 - 2020,72,182,2.53,"93,700",0.00076841
Hamirpur,2020,2020 - 2021,46,113,2.46,"86,708",0.000530516
Hamirpur,2021,2021 - 2022,29,69,2.38,"1,39,991",0.000207156
Hapur,2012,2012 - 2013,"20,160.00","59,593.00",2.96,"61,183",0.329503293
Hapur,2013,2013 - 2014,"20,322.00","59,422.00",2.92,"62,167",0.32689369
Hapur,2014,2014 - 2015,"20,839.00","61,496.00",2.95,"59,084",0.352701239
Hapur,2015,2015 - 2016,"21,191.00","60,098.00",2.84,"59,309",0.357298218
Hapur,2016,2016 - 2017,"20,730.00","53,919.00",2.6,"60,278",0.343906566
Hapur,2017,2017 - 2018,"20,301.00","57,777.00",2.85,"62,346",0.325618324
Hapur,2018,2018 - 2019,"21,380.00","55,139.00",2.58,"61,291",0.348827723
Hapur,2019,2019 - 2020,"21,404.00","61,451.00",2.87,"62,216",0.34402726
Hapur,2020,2020 - 2021,"20,641.00","57,217.00",2.77,"74,180",0.278255594
Hapur,2021,2021 - 2022,"20,464.00","54,700.00",2.67,"1,00,651",0.20331641
Hardoi,2010,2010 - 2011,"1,30,217.00","2,65,252.00",2.04,"2,72,977",0.477025537
Hardoi,2011,2011 - 2012,"1,52,396.00","3,42,586.00",2.25,"2,89,623",0.526187492
Hardoi,2012,2012 - 2013,"1,44,505.00","3,54,615.00",2.45,"2,84,901",0.507211277
Hardoi,2013,2013 - 2014,"1,49,084.00","3,75,095.00",2.52,"2,86,752",0.519905702
Hardoi,2014,2014 - 2015,"1,42,184.00","2,79,392.00",1.97,"2,67,783",0.530967238
Hardoi,2015,2015 - 2016,"1,33,813.00","3,01,882.00",2.26,"2,83,448",0.472090119
Hardoi,2016,2016 - 2017,"1,41,359.00","3,38,555.00",2.4,"2,78,558",0.507467027
Hardoi,2017,2017 - 2018,"1,49,712.00","3,76,975.00",2.52,"2,80,413",0.533898214
Hardoi,2018,2018 - 2019,"1,37,482.00","3,21,845.00",2.34,"2,72,360",0.504780438
Hardoi,2019,2019 - 2020,"1,52,495.00","4,52,758.00",2.97,"2,75,279",0.55396525
Hardoi,2020,2020 - 2021,"1,52,841.00","4,38,042.00",2.87,"3,51,587",0.434717438
Hardoi,2021,2021 - 2022,"1,49,458.00","4,04,433.00",2.71,"5,97,486",0.250144773
Jalaun,2010,2010 - 2011,339,458,1.35,"92,090",0.003681181
Jalaun,2011,2011 - 2012,"1,062.00","1,951.00",1.84,"73,123",0.014523474
Jalaun,2012,2012 - 2013,512,555,1.08,"67,360",0.00760095
Jalaun,2013,2013 - 2014,520,934,1.8,"71,968",0.007225434
Jalaun,2014,2014 - 2015,509,890,1.75,"75,268",0.006762502
Jalaun,2015,2015 - 2016,"1,560.00","2,800.00",1.79,"1,14,472",0.013627787
Jalaun,2016,2016 - 2017,422,655,1.55,"65,206",0.006471797
Jalaun,2017,2017 - 2018,268,339,1.26,"66,063",0.004056734
Jalaun,2018,2018 - 2019,682,"1,471.00",2.16,"77,698",0.008777575
Jalaun,2019,2019 - 2020,401,"1,028.00",2.56,"87,844",0.004564911
Jalaun,2020,2020 - 2021,321,603,1.88,"68,534",0.004683807
Jalaun,2021,2021 - 2022,247,456,1.85,"1,29,288",0.001910463
Jaunpur,2010,2010 - 2011,"1,39,885.00","2,92,220.00",2.09,"2,17,520",0.643090291
Jaunpur,2011,2011 - 2012,"1,39,160.00","3,11,301.00",2.24,"2,35,923",0.589853469
Jaunpur,2012,2012 - 2013,"1,47,185.00","3,43,971.00",2.34,"2,25,301",0.65328161
Jaunpur,2013,2013 - 2014,"1,49,517.00","3,42,394.00",2.29,"2,39,511",0.624259429
Jaunpur,2014,2014 - 2015,"1,40,428.00","3,38,993.00",2.41,"2,23,688",0.627785129
Jaunpur,2015,2015 - 2016,"1,43,897.00","2,53,259.00",1.76,"2,21,000",0.651117647
Jaunpur,2016,2016 - 2017,"1,53,460.00","3,59,403.00",2.34,"2,35,933",0.650438896
Jaunpur,2017,2017 - 2018,"1,57,278.00","3,62,683.00",2.31,"2,30,692",0.681766164
Jaunpur,2018,2018 - 2019,"1,45,143.00","3,60,535.00",2.48,"2,26,533",0.640714598
Jaunpur,2019,2019 - 2020,"1,40,728.00","3,94,601.00",2.8,"2,23,269",0.630306939
Jaunpur,2020,2020 - 2021,"1,45,649.00","4,04,030.00",2.77,"2,18,795",0.665687059
Jaunpur,2021,2021 - 2022,"1,45,999.00","3,84,415.00",2.63,"4,25,137",0.343416358
Jhansi,2010,2010 - 2011,"2,067.00","4,738.00",2.29,"1,44,745",0.014280286
Jhansi,2011,2011 - 2012,"10,590.00","21,265.00",2.01,"1,90,085",0.055711918
Jhansi,2012,2012 - 2013,"10,042.00","19,893.00",1.98,"1,99,965",0.050218788
Jhansi,2013,2013 - 2014,"10,738.00","20,907.00",1.95,"1,81,464",0.059174271
Jhansi,2014,2014 - 2015,"9,590.00","17,694.00",1.85,"2,17,875",0.044016064
Jhansi,2015,2015 - 2016,"9,223.00","16,463.00",1.78,"2,44,264",0.037758327
Jhansi,2016,2016 - 2017,"10,418.00","14,252.00",1.37,"2,07,527",0.050200697
Jhansi,2017,2017 - 2018,"9,247.00","15,785.00",1.71,"1,92,673",0.047993232
Jhansi,2018,2018 - 2019,"12,335.00","24,571.00",1.99,"1,82,074",0.06774718
Jhansi,2019,2019 - 2020,"8,485.00","20,076.00",2.37,"1,93,447",0.043862143
Jhansi,2020,2020 - 2021,"8,758.00","20,231.00",2.31,"1,96,735",0.044516736
Jhansi,2021,2021 - 2022,"8,589.00","18,406.00",2.14,"3,69,969",0.023215459
Jyotiba Phule Nagar,2010,2010 - 2011,"24,355.00","47,127.00",1.94,"1,07,869",0.225783126
Jyotiba Phule Nagar,2011,2011 - 2012,"28,429.00","57,370.00",2.02,"1,12,334",0.253075649
Jyotiba Phule Nagar,2012,2012 - 2013,"22,530.00","40,914.00",1.82,"1,11,979",0.201198439
Jyotiba Phule Nagar,2013,2013 - 2014,"28,126.00","59,177.00",2.1,"1,13,332",0.248173508
Jyotiba Phule Nagar,2014,2014 - 2015,"23,134.00","61,606.00",2.66,"1,08,385",0.21344282
Jyotiba Phule Nagar,2015,2015 - 2016,"23,721.00","53,538.00",2.26,"1,09,196",0.217233232
Jyotiba Phule Nagar,2016,2016 - 2017,"26,688.00","54,897.00",2.06,"1,13,789",0.234539367
Jyotiba Phule Nagar,2017,2017 - 2018,"22,202.00","47,423.00",2.14,"1,08,759",0.204139428
Jyotiba Phule Nagar,2018,2018 - 2019,"27,007.00","67,680.00",2.51,"1,09,663",0.246272672
Jyotiba Phule Nagar,2019,2019 - 2020,"26,952.00","68,728.00",2.55,"1,11,018",0.242771442
Jyotiba Phule Nagar,2020,2020 - 2021,"26,974.00","75,770.00",2.81,"1,05,403",0.25591302
Jyotiba Phule Nagar,2021,2021 - 2022,"26,460.00","73,030.00",2.76,"1,39,745",0.189344878
Kannauj,2010,2010 - 2011,"15,388.00","42,933.00",2.79,"63,623",0.24186222
Kannauj,2011,2011 - 2012,"16,289.00","45,577.00",2.8,"67,808",0.240222393
Kannauj,2012,2012 - 2013,"17,275.00","52,257.00",3.03,"71,600",0.24127095
Kannauj,2013,2013 - 2014,"21,390.00","63,165.00",2.95,"69,202",0.309095113
Kannauj,2014,2014 - 2015,"22,007.00","52,355.00",2.38,"62,981",0.349422842
Kannauj,2015,2015 - 2016,"30,499.00","71,703.00",2.35,"70,732",0.431190974
Kannauj,2016,2016 - 2017,"21,149.00","56,468.00",2.67,"73,758",0.286734998
Kannauj,2017,2017 - 2018,"20,360.00","65,009.00",3.19,"69,381",0.293452098
Kannauj,2018,2018 - 2019,"20,256.00","54,063.00",2.67,"68,553",0.29547941
Kannauj,2019,2019 - 2020,"20,295.00","81,119.00",4,"70,542",0.287700944
Kannauj,2020,2020 - 2021,"20,982.00","72,472.00",3.45,"68,641",0.305677365
Kannauj,2021,2021 - 2022,"19,761.00","54,560.00",2.76,"1,35,066",0.14630625
Kanpur Dehat,2010,2010 - 2011,"43,449.00","99,976.00",2.3,"1,06,030",0.409780251
Kanpur Dehat,2011,2011 - 2012,"43,053.00","1,15,425.00",2.68,"1,01,360",0.424753354
Kanpur Dehat,2012,2012 - 2013,"39,670.00","1,19,367.00",3.01,"99,314",0.399440159
Kanpur Dehat,2013,2013 - 2014,"41,454.00","1,12,299.00",2.71,"1,02,373",0.404930988
Kanpur Dehat,2014,2014 - 2015,"37,513.00","92,770.00",2.47,"97,449",0.384950076
Kanpur Dehat,2015,2015 - 2016,"38,397.00","1,01,176.00",2.63,"1,01,076",0.379882465
Kanpur Dehat,2016,2016 - 2017,"42,797.00","1,35,538.00",3.17,"1,04,423",0.409842659
Kanpur Dehat,2017,2017 - 2018,"40,688.00","1,21,291.00",2.98,"1,00,942",0.403082959
Kanpur Dehat,2018,2018 - 2019,"42,328.00","1,52,762.00",3.61,"99,207",0.426663441
Kanpur Dehat,2019,2019 - 2020,"40,332.00","1,40,476.00",3.48,"99,784",0.404193057
Kanpur Dehat,2020,2020 - 2021,"42,227.00","1,36,351.00",3.23,"1,09,009",0.387371685
Kanpur Dehat,2021,2021 - 2022,"41,185.00","1,33,357.00",3.24,"1,92,925",0.21347674
Kanpur Nagar,2010,2010 - 2011,"31,353.00","70,638.00",2.25,"86,265",0.363449835
Kanpur Nagar,2011,2011 - 2012,"33,478.00","90,658.00",2.71,"86,423",0.387373732
Kanpur Nagar,2012,2012 - 2013,"31,891.00","74,689.00",2.34,"87,044",0.366377924
Kanpur Nagar,2013,2013 - 2014,"33,584.00","85,941.00",2.56,"86,708",0.387322969
Kanpur Nagar,2014,2014 - 2015,"29,881.00","69,204.00",2.32,"80,332",0.371968829
Kanpur Nagar,2015,2015 - 2016,"31,182.00","70,908.00",2.27,"82,991",0.375727489
Kanpur Nagar,2016,2016 - 2017,"35,119.00","1,03,215.00",2.94,"96,791",0.362833321
Kanpur Nagar,2017,2017 - 2018,"33,298.00","99,927.00",3,"84,308",0.394956588
Kanpur Nagar,2018,2018 - 2019,"34,187.00","95,484.00",2.79,"96,122",0.355662595
Kanpur Nagar,2019,2019 - 2020,"32,122.00","1,10,275.00",3.43,"87,677",0.366367462
Kanpur Nagar,2020,2020 - 2021,"28,721.00","1,00,035.00",3.48,"79,840",0.359731964
Kanpur Nagar,2021,2021 - 2022,"32,481.00","95,234.00",2.93,"1,59,335",0.203853516
Kanshiram Nagar,2010,2010 - 2011,"17,901.00","37,216.00",2.08,"95,209",0.188017939
Kanshiram Nagar,2011,2011 - 2012,"16,107.00","41,411.00",2.57,"1,00,059",0.160975025
Kanshiram Nagar,2012,2012 - 2013,"17,238.00","46,974.00",2.73,"99,154",0.173850778
Kanshiram Nagar,2013,2013 - 2014,"17,015.00","37,977.00",2.23,"1,02,313",0.166303402
Kanshiram Nagar,2014,2014 - 2015,"19,146.00","45,740.00",2.39,"1,10,105",0.173888561
Kanshiram Nagar,2015,2015 - 2016,"17,821.00","34,163.00",1.92,"1,11,808",0.15938931
Kanshiram Nagar,2016,2016 - 2017,"14,699.00","37,688.00",2.56,"1,06,370",0.138187459
Kanshiram Nagar,2017,2017 - 2018,"14,549.00","34,554.00",2.38,"95,506",0.152335979
Kanshiram Nagar,2018,2018 - 2019,"16,214.00","40,973.00",2.53,"1,05,077",0.15430589
Kanshiram Nagar,2019,2019 - 2020,"17,881.00","57,791.00",3.23,"1,06,306",0.168203112
Kanshiram Nagar,2020,2020 - 2021,"16,655.00","51,114.00",3.07,"97,425",0.170952014
Kanshiram Nagar,2021,2021 - 2022,"16,343.00","43,848.00",2.68,"1,86,502",0.087629087
Kaushambi,2010,2010 - 2011,"40,103.00","79,965.00",1.99,"76,683",0.522971193
Kaushambi,2011,2011 - 2012,"45,799.00","1,11,108.00",2.43,"75,661",0.60531846
Kaushambi,2012,2012 - 2013,"46,141.00","1,00,357.00",2.18,"72,138",0.639621281
Kaushambi,2013,2013 - 2014,"50,894.00","1,12,425.00",2.21,"74,268",0.68527495
Kaushambi,2014,2014 - 2015,"43,224.00","93,494.00",2.16,"74,613",0.579309236
Kaushambi,2015,2015 - 2016,"46,080.00","97,644.00",2.12,"73,983",0.622845789
Kaushambi,2016,2016 - 2017,"45,278.00","1,05,588.00",2.33,"74,661",0.606447811
Kaushambi,2017,2017 - 2018,"48,758.00","1,17,361.00",2.41,"79,930",0.610008758
Kaushambi,2018,2018 - 2019,"45,431.00","1,08,762.00",2.39,"64,927",0.699724306
Kaushambi,2019,2019 - 2020,"45,313.00","1,14,597.00",2.53,"72,634",0.623853843
Kaushambi,2020,2020 - 2021,"45,287.00","1,26,713.00",2.8,"73,537",0.615839645
Kaushambi,2021,2021 - 2022,"44,936.00","1,22,765.00",2.73,"1,37,792",0.326114724
Kheri,2010,2010 - 2011,"1,81,676.00","3,93,329.00",2.17,"4,40,661",0.412280642
Kheri,2011,2011 - 2012,"1,84,419.00","4,43,159.00",2.4,"4,39,532",0.419580372
Kheri,2012,2012 - 2013,"1,83,167.00","4,69,457.00",2.56,"4,46,796",0.409956669
Kheri,2013,2013 - 2014,"1,73,556.00","4,67,907.00",2.7,"4,37,500",0.396699429
Kheri,2014,2014 - 2015,"1,55,403.00","4,23,318.00",2.72,"4,44,608",0.349528124
Kheri,2015,2015 - 2016,"1,56,370.00","4,11,097.00",2.63,"4,51,842",0.3460723
Kheri,2016,2016 - 2017,"1,80,092.00","4,99,575.00",2.77,"4,53,430",0.397177073
Kheri,2017,2017 - 2018,"1,79,639.00","5,61,552.00",3.13,"4,52,505",0.396987879
Kheri,2018,2018 - 2019,"1,66,143.00","5,62,228.00",3.38,"4,30,988",0.385493332
Kheri,2019,2019 - 2020,"1,88,899.00","6,11,844.00",3.24,"4,49,106",0.42061117
Kheri,2020,2020 - 2021,"1,83,890.00","6,30,743.00",3.43,"5,47,584",0.335820623
Kheri,2021,2021 - 2022,"1,82,492.00","5,18,095.00",2.84,"7,44,079",0.245258904
Kushinagar,2010,2010 - 2011,"1,25,415.00","2,92,844.00",2.33,"2,02,612",0.618990978
Kushinagar,2011,2011 - 2012,"1,27,193.00","3,03,991.00",2.39,"2,04,175",0.622960695
Kushinagar,2012,2012 - 2013,"1,32,485.00","3,27,370.00",2.47,"2,07,403",0.638780538
Kushinagar,2013,2013 - 2014,"1,22,607.00","3,20,863.00",2.62,"2,26,736",0.54074783
Kushinagar,2014,2014 - 2015,"1,18,425.00","2,53,666.00",2.14,"1,92,622",0.614805162
Kushinagar,2015,2015 - 2016,"1,12,213.00","1,77,633.00",1.58,"1,83,863",0.610307675
Kushinagar,2016,2016 - 2017,"1,26,709.00","2,54,432.00",2.01,"2,01,867",0.627685555
Kushinagar,2017,2017 - 2018,"1,19,255.00","3,27,951.00",2.75,"1,93,881",0.615093795
Kushinagar,2018,2018 - 2019,"1,12,368.00","2,83,617.00",2.52,"1,87,026",0.60081486
Kushinagar,2019,2019 - 2020,"1,22,995.00","3,56,931.00",2.9,"1,97,303",0.623381297
Kushinagar,2020,2020 - 2021,"1,21,775.00","3,12,109.00",2.56,"2,20,418",0.552473029
Kushinagar,2021,2021 - 2022,"1,24,214.00","3,23,826.00",2.61,"3,45,774",0.359234645
Lalitpur,2010,2010 - 2011,"2,833.00","1,856.00",0.66,"2,42,360",0.011689223
Lalitpur,2011,2011 - 2012,"1,631.00","1,132.00",0.69,"2,38,573",0.006836482
Lalitpur,2012,2012 - 2013,"1,315.00","1,427.00",1.09,"2,21,162",0.005945868
Lalitpur,2013,2013 - 2014,"1,355.00",963,0.71,"1,90,130",0.007126703
Lalitpur,2014,2014 - 2015,962,750,0.78,"2,38,262",0.004037572
Lalitpur,2015,2015 - 2016,"1,066.00",677,0.64,"2,52,198",0.004226838
Lalitpur,2016,2016 - 2017,"1,240.00",802,0.65,"2,23,449",0.005549365
Lalitpur,2017,2017 - 2018,959,440,0.46,"2,23,095",0.004298617
Lalitpur,2018,2018 - 2019,"1,255.00",934,0.74,"2,32,510",0.005397617
Lalitpur,2019,2019 - 2020,"1,503.00",822,0.55,"2,23,876",0.006713538
Lalitpur,2020,2020 - 2021,"1,400.00","1,870.00",1.34,"2,54,754",0.005495498
Lalitpur,2021,2021 - 2022,"1,355.00",694,0.51,"4,57,281",0.002963167
Lucknow,2010,2010 - 2011,"48,833.00","93,320.00",1.91,"61,818",0.789947912
Lucknow,2011,2011 - 2012,"52,978.00","1,06,645.00",2.01,"66,587",0.795620767
Lucknow,2012,2012 - 2013,"51,138.00","1,04,833.00",2.05,"63,881",0.800519716
Lucknow,2013,2013 - 2014,"52,159.00","1,05,674.00",2.03,"64,044",0.814424458
Lucknow,2014,2014 - 2015,"54,126.00","1,25,843.00",2.33,"64,721",0.836297338
Lucknow,2015,2015 - 2016,"52,944.00","1,07,265.00",2.03,"63,206",0.837641996
Lucknow,2016,2016 - 2017,"63,802.00","1,24,286.00",1.95,"77,656",0.821597816
Lucknow,2017,2017 - 2018,"51,617.00","1,39,727.00",2.71,"64,178",0.804278725
Lucknow,2018,2018 - 2019,"53,876.00","1,46,812.00",2.72,"64,479",0.835558864
Lucknow,2019,2019 - 2020,"49,610.00","1,21,247.00",2.44,"59,764",0.830098387
Lucknow,2020,2020 - 2021,"50,993.00","1,20,649.00",2.37,"62,834",0.811551071
Lucknow,2021,2021 - 2022,"54,099.00","1,34,815.00",2.49,"1,30,761",0.413724276
Mahamaya Nagar,2010,2010 - 2011,"17,158.00","30,044.00",1.75,"73,229",0.234306081
Mahamaya Nagar,2011,2011 - 2012,"18,259.00","38,472.00",2.11,"70,812",0.257851777
Mahamaya Nagar,2012,2012 - 2013,"20,857.00","47,137.00",2.26,"75,826",0.275063962
Mahamaya Nagar,2013,2013 - 2014,"23,223.00","54,690.00",2.35,"77,646",0.299088169
Mahamaya Nagar,2014,2014 - 2015,"29,465.00","56,956.00",1.93,"74,455",0.395742395
Mahamaya Nagar,2015,2015 - 2016,"26,090.00","51,293.00",1.97,"77,882",0.334993965
Mahamaya Nagar,2016,2016 - 2017,"21,881.00","47,613.00",2.18,"72,641",0.301221073
Mahamaya Nagar,2017,2017 - 2018,"24,098.00","55,160.00",2.29,"81,084",0.297197968
Mahamaya Nagar,2018,2018 - 2019,"25,912.00","60,608.00",2.34,"72,323",0.358281598
Mahamaya Nagar,2019,2019 - 2020,"22,730.00","57,984.00",2.55,"77,208",0.294399544
Mahamaya Nagar,2020,2020 - 2021,"24,242.00","66,472.00",2.74,"80,732",0.300277461
Mahamaya Nagar,2021,2021 - 2022,"22,097.00","53,298.00",2.41,"1,47,304",0.150009504
Mahoba,2010,2010 - 2011,76,85,1.12,"99,400",0.000764588
Mahoba,2011,2011 - 2012,58,90,1.55,"95,843",0.000605156
Mahoba,2012,2012 - 2013,56,105,1.88,"1,07,968",0.000518672
Mahoba,2013,2013 - 2014,48,86,1.79,"1,05,299",0.000455845
Mahoba,2014,2014 - 2015,12,19,1.58,"1,08,328",0.000110775
Mahoba,2015,2015 - 2016,18,21,1.17,"1,50,514",0.00011959
Mahoba,2016,2016 - 2017,51,91,1.78,"1,00,331",0.000508317
Mahoba,2017,2017 - 2018,36,70,1.94,"95,974",0.000375102
Mahoba,2018,2018 - 2019,105,217,2.07,"1,02,629",0.001023103
Mahoba,2019,2019 - 2020,243,614,2.53,"98,735",0.002461133
Mahoba,2020,2020 - 2021,243,598,2.46,"95,536",0.002543544
Mahoba,2021,2021 - 2022,105,248,2.36,"1,83,655",0.000571724
Mahrajganj,2010,2010 - 2011,"1,67,451.00","3,63,536.00",2.17,"1,87,776",0.89175933
Mahrajganj,2011,2011 - 2012,"1,66,780.00","3,99,271.00",2.39,"1,87,749",0.888313653
Mahrajganj,2012,2012 - 2013,"1,64,762.00","4,05,150.00",2.46,"1,85,004",0.890586149
Mahrajganj,2013,2013 - 2014,"1,61,164.00","3,98,397.00",2.47,"1,81,637",0.887286181
Mahrajganj,2014,2014 - 2015,"1,65,814.00","4,06,742.00",2.45,"1,83,347",0.904372583
Mahrajganj,2015,2015 - 2016,"1,69,768.00","4,18,308.00",2.46,"1,86,290",0.911310323
Mahrajganj,2016,2016 - 2017,"1,65,686.00","4,20,345.00",2.54,"1,86,563",0.888096782
Mahrajganj,2017,2017 - 2018,"1,66,400.00","4,13,837.00",2.49,"1,85,759",0.895784323
Mahrajganj,2018,2018 - 2019,"1,60,997.00","4,72,204.00",2.93,"1,83,973",0.875112109
Mahrajganj,2019,2019 - 2020,"1,63,395.00","4,59,794.00",2.81,"1,83,247",0.891665348
Mahrajganj,2020,2020 - 2021,"1,66,354.00","4,47,326.00",2.69,"1,77,770",0.93578219
Mahrajganj,2021,2021 - 2022,"1,67,294.00","4,59,222.00",2.74,"3,51,490",0.475956642
Mainpuri,2010,2010 - 2011,"49,602.00","1,20,434.00",2.43,"1,06,918",0.463925625
Mainpuri,2011,2011 - 2012,"64,437.00","1,68,825.00",2.62,"1,26,440",0.509625119
Mainpuri,2012,2012 - 2013,"59,963.00","1,57,943.00",2.63,"1,24,225",0.48269672
Mainpuri,2013,2013 - 2014,"65,174.00","1,72,059.00",2.64,"1,29,977",0.501427176
Mainpuri,2014,2014 - 2015,"73,176.00","1,90,843.00",2.61,"1,48,830",0.491675066
Mainpuri,2015,2015 - 2016,"72,856.00","1,92,048.00",2.64,"1,44,173",0.505337338
Mainpuri,2016,2016 - 2017,"62,335.00","1,57,396.00",2.53,"1,26,934",0.49108198
Mainpuri,2017,2017 - 2018,"61,658.00","1,85,652.00",3.01,"1,24,474",0.495348426
Mainpuri,2018,2018 - 2019,"64,324.00","2,10,532.00",3.27,"1,26,417",0.508823971
Mainpuri,2019,2019 - 2020,"63,053.00","1,68,919.00",2.68,"1,26,113",0.499972247
Mainpuri,2020,2020 - 2021,"62,058.00","1,80,465.00",2.91,"1,28,040",0.484676664
Mainpuri,2021,2021 - 2022,"62,357.00","1,67,616.00",2.69,"2,49,422",0.250006014
Mathura,2010,2010 - 2011,"47,142.00","1,01,167.00",2.15,"1,00,131",0.470803248
Mathura,2011,2011 - 2012,"45,927.00","1,04,300.00",2.27,"96,227",0.477277687
Mathura,2012,2012 - 2013,"48,596.00","1,20,081.00",2.47,"92,360",0.52615851
Mathura,2013,2013 - 2014,"52,654.00","1,26,580.00",2.4,"1,00,444",0.524212497
Mathura,2014,2014 - 2015,"49,400.00","1,14,756.00",2.32,"94,515",0.52266836
Mathura,2015,2015 - 2016,"48,723.00","1,08,360.00",2.22,"97,428",0.500092376
Mathura,2016,2016 - 2017,"47,918.00","1,10,882.00",2.31,"97,811",0.489903999
Mathura,2017,2017 - 2018,"46,127.00","83,536.00",1.81,"87,835",0.52515512
Mathura,2018,2018 - 2019,"48,608.00","47,636.00",0.98,"95,044",0.511426287
Mathura,2019,2019 - 2020,"49,607.00","98,420.00",1.98,"96,055",0.516443704
Mathura,2020,2020 - 2021,"52,090.00","1,09,910.00",2.11,"1,01,189",0.514779274
Mathura,2021,2021 - 2022,"47,610.00","88,745.00",1.86,"1,83,501",0.259453627
Mau,2010,2010 - 2011,"84,040.00","1,55,894.00",1.85,"94,477",0.889528668
Mau,2011,2011 - 2012,"91,733.00","2,18,691.00",2.38,"1,02,161",0.897925823
Mau,2012,2012 - 2013,"84,412.00","1,80,557.00",2.14,"95,074",0.887855776
Mau,2013,2013 - 2014,"88,001.00","1,84,626.00",2.1,"97,810",0.899713731
Mau,2014,2014 - 2015,"91,396.00","1,60,583.00",1.76,"1,01,168",0.903408192
Mau,2015,2015 - 2016,"85,683.00","1,24,754.00",1.46,"94,856",0.903295522
Mau,2016,2016 - 2017,"88,319.00","2,02,162.00",2.29,"98,013",0.901094753
Mau,2017,2017 - 2018,"91,322.00","2,17,894.00",2.39,"1,01,129",0.903024849
Mau,2018,2018 - 2019,"83,345.00","2,03,695.00",2.44,"92,676",0.899315896
Mau,2019,2019 - 2020,"88,817.00","2,37,319.00",2.67,"98,586",0.900908851
Mau,2020,2020 - 2021,"88,527.00","2,27,337.00",2.57,"1,00,644",0.879605342
Mau,2021,2021 - 2022,"89,636.00","2,12,886.00",2.38,"1,90,186",0.471307036
Meerut,2010,2010 - 2011,"17,605.00","38,608.00",2.19,"1,49,737",0.117572811
Meerut,2011,2011 - 2012,"16,159.00","42,143.00",2.61,"1,49,548",0.108052264
Meerut,2012,2012 - 2013,"16,117.00","44,273.00",2.75,"1,52,282",0.10583654
Meerut,2013,2013 - 2014,"14,493.00","39,305.00",2.71,"1,52,959",0.094750881
Meerut,2014,2014 - 2015,"14,466.00","42,892.00",2.97,"1,37,703",0.105052178
Meerut,2015,2015 - 2016,"17,165.00","49,950.00",2.91,"1,38,673",0.123780404
Meerut,2016,2016 - 2017,"14,850.00","39,293.00",2.65,"1,49,020",0.099651054
Meerut,2017,2017 - 2018,"14,397.00","42,198.00",2.93,"1,48,489",0.096956677
Meerut,2018,2018 - 2019,"15,200.00","43,229.00",2.84,"1,49,908",0.101395523
Meerut,2019,2019 - 2020,"17,162.00","50,165.00",2.92,"1,58,353",0.108378117
Meerut,2020,2020 - 2021,"15,135.00","44,497.00",2.94,"1,65,283",0.091570216
Meerut,2021,2021 - 2022,"14,936.00","43,389.00",2.9,"1,86,392",0.080132195
Mirzapur,2010,2010 - 2011,"64,224.00","1,32,879.00",2.07,"99,928",0.642702746
Mirzapur,2011,2011 - 2012,"91,949.00","1,99,897.00",2.17,"1,22,319",0.751714779
Mirzapur,2012,2012 - 2013,"89,158.00","2,08,630.00",2.34,"1,24,079",0.718558338
Mirzapur,2013,2013 - 2014,"81,099.00","1,86,771.00",2.3,"1,17,476",0.690345262
Mirzapur,2014,2014 - 2015,"81,132.00","1,87,821.00",2.32,"1,12,316",0.722354785
Mirzapur,2015,2015 - 2016,"83,955.00","1,45,830.00",1.74,"1,12,834",0.744057642
Mirzapur,2016,2016 - 2017,"91,189.00","2,40,739.00",2.64,"1,29,877",0.702118158
Mirzapur,2017,2017 - 2018,"84,710.00","2,15,756.00",2.55,"1,18,230",0.716484818
Mirzapur,2018,2018 - 2019,"94,610.00","2,70,206.00",2.86,"1,25,936",0.751254606
Mirzapur,2019,2019 - 2020,"82,961.00","2,51,455.00",3.03,"1,16,140",0.714318925
Mirzapur,2020,2020 - 2021,"86,266.00","2,81,400.00",3.26,"1,17,800",0.732308998
Mirzapur,2021,2021 - 2022,"87,540.00","2,73,563.00",3.13,"2,25,914",0.387492586
Moradabad,2010,2010 - 2011,"1,25,006.00","2,24,136.00",1.79,"2,58,193",0.4841572
Moradabad,2011,2011 - 2012,"1,28,889.00","2,77,111.00",2.15,"2,49,746",0.516080338
Moradabad,2012,2012 - 2013,"90,672.00","2,15,799.00",2.38,"1,54,461",0.587021967
Moradabad,2013,2013 - 2014,"95,250.00","2,07,931.00",2.18,"1,51,092",0.630410611
Moradabad,2014,2014 - 2015,"87,934.00","2,05,941.00",2.34,"1,41,982",0.619332028
Moradabad,2015,2015 - 2016,"94,261.00","2,20,194.00",2.34,"1,55,838",0.604865309
Moradabad,2016,2016 - 2017,"92,849.00","2,13,181.00",2.3,"1,48,184",0.626579118
Moradabad,2017,2017 - 2018,"94,533.00","2,18,182.00",2.31,"1,44,582",0.653836577
Moradabad,2018,2018 - 2019,"89,451.00","2,23,985.00",2.5,"1,46,776",0.609438873
Moradabad,2019,2019 - 2020,"93,573.00","2,58,261.00",2.76,"1,53,072",0.611300564
Moradabad,2020,2020 - 2021,"98,140.00","3,16,011.00",3.22,"1,85,588",0.528805742
Moradabad,2021,2021 - 2022,"93,852.00","2,71,232.00",2.89,"2,77,372",0.338361478
Muzaffarnagar,2010,2010 - 2011,"37,128.00","82,944.00",2.23,"2,70,792",0.137108925
Muzaffarnagar,2011,2011 - 2012,"37,144.00","86,880.00",2.34,"2,70,943",0.137091565
Muzaffarnagar,2012,2012 - 2013,"14,646.00","36,644.00",2.5,"1,88,141",0.077845871
Muzaffarnagar,2013,2013 - 2014,"11,064.00","25,857.00",2.34,"1,84,927",0.059829014
Muzaffarnagar,2014,2014 - 2015,"10,667.00","25,729.00",2.41,"1,75,793",0.060679322
Muzaffarnagar,2015,2015 - 2016,"14,419.00","37,432.00",2.6,"1,82,842",0.078860437
Muzaffarnagar,2016,2016 - 2017,"11,580.00","25,777.00",2.23,"1,84,744",0.062681332
Muzaffarnagar,2017,2017 - 2018,"12,764.00","32,842.00",2.57,"1,87,009",0.0682534
Muzaffarnagar,2018,2018 - 2019,"11,286.00","24,321.00",2.15,"1,89,198",0.059651793
Muzaffarnagar,2019,2019 - 2020,"11,760.00","32,105.00",2.73,"1,89,685",0.061997522
Muzaffarnagar,2020,2020 - 2021,"13,151.00","35,836.00",2.72,"2,00,910",0.06545717
Muzaffarnagar,2021,2021 - 2022,"12,764.00","34,641.00",2.71,"2,19,427",0.058169687
Pilibhit,2010,2010 - 2011,"1,49,172.00","3,70,692.00",2.48,"2,06,970",0.720742137
Pilibhit,2011,2011 - 2012,"1,52,550.00","4,27,750.00",2.8,"2,10,250",0.725564804
Pilibhit,2012,2012 - 2013,"1,52,957.00","4,23,844.00",2.77,"2,10,194",0.727694416
Pilibhit,2013,2013 - 2014,"1,35,908.00","3,80,135.00",2.8,"2,13,232",0.637371501
Pilibhit,2014,2014 - 2015,"1,18,036.00","3,09,963.00",2.63,"2,13,608",0.5525823
Pilibhit,2015,2015 - 2016,"1,37,940.00","4,15,199.00",3.01,"2,09,939",0.657048
Pilibhit,2016,2016 - 2017,"1,43,003.00","4,47,885.00",3.13,"2,13,950",0.668394485
Pilibhit,2017,2017 - 2018,"1,31,263.00","4,30,018.00",3.28,"2,12,902",0.616541883
Pilibhit,2018,2018 - 2019,"1,35,548.00","4,18,708.00",3.09,"2,08,372",0.650509665
Pilibhit,2019,2019 - 2020,"1,39,065.00","4,71,569.00",3.39,"2,14,504",0.648309589
Pilibhit,2020,2020 - 2021,"1,39,872.00","5,09,274.00",3.64,"2,41,568",0.579017088
Pilibhit,2021,2021 - 2022,"1,36,507.00","4,60,438.00",3.37,"3,75,219",0.363806204
Pratapgarh,2010,2010 - 2011,"96,664.00","1,93,811.00",2,"1,24,978",0.773448127
Pratapgarh,2011,2011 - 2012,"97,289.00","2,25,516.00",2.32,"1,27,004",0.766030991
Pratapgarh,2012,2012 - 2013,"99,174.00","2,40,993.00",2.43,"1,29,356",0.766674913
Pratapgarh,2013,2013 - 2014,"99,245.00","2,37,791.00",2.4,"1,28,797",0.770553662
Pratapgarh,2014,2014 - 2015,"1,04,143.00","2,35,676.00",2.26,"1,31,493",0.792004137
Pratapgarh,2015,2015 - 2016,"1,24,700.00","2,24,335.00",1.8,"1,50,991",0.825877039
Pratapgarh,2016,2016 - 2017,"99,010.00","2,17,030.00",2.19,"1,27,257",0.778031857
Pratapgarh,2017,2017 - 2018,"96,357.00","2,27,788.00",2.36,"1,22,860",0.784282924
Pratapgarh,2018,2018 - 2019,"97,832.00","2,51,624.00",2.57,"1,25,972",0.776617026
Pratapgarh,2019,2019 - 2020,"94,501.00","2,41,734.00",2.56,"1,24,821",0.757092156
Pratapgarh,2020,2020 - 2021,"97,504.00","2,56,046.00",2.63,"1,25,557",0.776571597
Pratapgarh,2021,2021 - 2022,"97,831.00","2,47,121.00",2.53,"2,44,781",0.399667458
Rae Bareli,2010,2010 - 2011,"80,776.00","1,72,941.00",2.14,"1,13,972",0.708735479
Rae Bareli,2011,2011 - 2012,"83,159.00","1,88,438.00",2.27,"1,17,932",0.705143642
Rae Bareli,2012,2012 - 2013,"84,448.00","2,04,618.00",2.42,"1,16,157",0.727016021
Rae Bareli,2013,2013 - 2014,"89,513.00","2,19,665.00",2.45,"1,22,673",0.729687869
Rae Bareli,2014,2014 - 2015,"1,04,251.00","2,46,449.00",2.36,"1,37,238",0.759636544
Rae Bareli,2015,2015 - 2016,"1,16,435.00","2,47,541.00",2.13,"1,48,574",0.783683552
Rae Bareli,2016,2016 - 2017,"90,544.00","2,17,939.00",2.41,"1,24,047",0.729916886
Rae Bareli,2017,2017 - 2018,"90,875.00","2,22,462.00",2.45,"1,24,002",0.732851083
Rae Bareli,2018,2018 - 2019,"91,803.00","2,26,570.00",2.47,"1,24,094",0.739785969
Rae Bareli,2019,2019 - 2020,"88,738.00","2,30,186.00",2.59,"1,21,155",0.732433659
Rae Bareli,2020,2020 - 2021,"90,022.00","2,67,365.00",2.97,"1,21,843",0.738836043
Rae Bareli,2021,2021 - 2022,"88,614.00","2,43,689.00",2.75,"2,36,121",0.375290635
Rampur,2010,2010 - 2011,"1,40,906.00","2,67,580.00",1.9,"1,71,069",0.823679334
Rampur,2011,2011 - 2012,"1,40,595.00","3,06,075.00",2.18,"1,72,673",0.814226891
Rampur,2012,2012 - 2013,"1,33,026.00","3,02,368.00",2.27,"1,67,597",0.793725425
Rampur,2013,2013 - 2014,"1,36,970.00","3,06,950.00",2.24,"1,70,039",0.805521086
Rampur,2014,2014 - 2015,"1,24,076.00","2,80,412.00",2.26,"1,61,185",0.769773862
Rampur,2015,2015 - 2016,"1,22,711.00","2,77,327.00",2.26,"1,54,835",0.792527529
Rampur,2016,2016 - 2017,"1,42,788.00","3,48,403.00",2.44,"1,69,665",0.841587835
Rampur,2017,2017 - 2018,"1,32,738.00","3,14,456.00",2.37,"1,63,102",0.813834288
Rampur,2018,2018 - 2019,"1,32,764.00","3,63,906.00",2.74,"1,70,956",0.776597487
Rampur,2019,2019 - 2020,"1,42,284.00","4,09,067.00",2.88,"1,70,067",0.836634973
Rampur,2020,2020 - 2021,"1,40,933.00","4,48,731.00",3.18,"1,92,424",0.732408639
Rampur,2021,2021 - 2022,"1,43,312.00","4,03,423.00",2.81,"3,45,476",0.414824764
Saharanpur,2010,2010 - 2011,"54,830.00","1,20,023.00",2.19,"2,09,103",0.262215272
Saharanpur,2011,2011 - 2012,"52,344.00","1,19,920.00",2.29,"2,04,101",0.256461262
Saharanpur,2012,2012 - 2013,"54,042.00","1,41,428.00",2.62,"2,03,357",0.265749396
Saharanpur,2013,2013 - 2014,"57,786.00","1,41,345.00",2.45,"2,06,374",0.280006202
Saharanpur,2014,2014 - 2015,"62,552.00","1,55,629.00",2.49,"1,99,201",0.314014488
Saharanpur,2015,2015 - 2016,"72,546.00","1,65,623.00",2.28,"1,95,567",0.370952155
Saharanpur,2016,2016 - 2017,"57,538.00","1,42,176.00",2.47,"2,07,672",0.277061905
Saharanpur,2017,2017 - 2018,"57,090.00","1,52,659.00",2.67,"2,12,205",0.269032304
Saharanpur,2018,2018 - 2019,"58,734.00","1,48,068.00",2.52,"2,07,206",0.283457043
Saharanpur,2019,2019 - 2020,"59,700.00","1,61,369.00",2.7,"2,05,117",0.291053399
Saharanpur,2020,2020 - 2021,"58,334.00","1,65,785.00",2.84,"1,83,606",0.317712929
Saharanpur,2021,2021 - 2022,"58,046.00","1,60,904.00",2.77,"2,62,220",0.22136374
Sambhal,2012,2012 - 2013,"35,823.00","86,262.00",2.41,"1,58,245",0.226376821
Sambhal,2013,2013 - 2014,"40,134.00","92,388.00",2.3,"1,61,723",0.248165072
Sambhal,2014,2014 - 2015,"35,060.00","76,746.00",2.19,"1,59,292",0.220098938
Sambhal,2015,2015 - 2016,"34,112.00","78,492.00",2.3,"1,56,520",0.217940199
Sambhal,2016,2016 - 2017,"37,130.00","83,283.00",2.24,"1,52,450",0.243555264
Sambhal,2017,2017 - 2018,"37,703.00","97,462.00",2.58,"1,59,716",0.236062761
Sambhal,2018,2018 - 2019,"38,227.00","98,052.00",2.56,"1,59,390",0.239833114
Sambhal,2019,2019 - 2020,"39,632.00","1,07,759.00",2.72,"1,59,934",0.247802218
Sambhal,2020,2020 - 2021,"43,628.00","1,29,183.00",2.96,"2,08,884",0.208862335
Sambhal,2021,2021 - 2022,"39,924.00","1,08,394.00",2.72,"3,35,150",0.119122781
Sant Kabir Nagar,2010,2010 - 2011,"90,035.00","1,73,768.00",1.93,"99,732",0.902769422
Sant Kabir Nagar,2011,2011 - 2012,"90,665.00","1,90,578.00",2.1,"1,00,739",0.899999007
Sant Kabir Nagar,2012,2012 - 2013,"87,731.00","2,00,202.00",2.28,"98,714",0.888739186
Sant Kabir Nagar,2013,2013 - 2014,"89,987.00","2,08,230.00",2.31,"99,200",0.907127016
Sant Kabir Nagar,2014,2014 - 2015,"90,918.00","1,62,561.00",1.79,"1,00,404",0.905521692
Sant Kabir Nagar,2015,2015 - 2016,"79,542.00","1,39,596.00",1.75,"88,377",0.900030551
Sant Kabir Nagar,2016,2016 - 2017,"97,780.00","2,02,405.00",2.07,"1,07,538",0.909259983
Sant Kabir Nagar,2017,2017 - 2018,"91,911.00","1,93,565.00",2.11,"1,02,022",0.900893925
Sant Kabir Nagar,2018,2018 - 2019,"92,487.00","2,04,581.00",2.21,"1,01,529",0.910941701
Sant Kabir Nagar,2019,2019 - 2020,"90,619.00","2,84,816.00",3.14,"1,00,686",0.900015891
Sant Kabir Nagar,2020,2020 - 2021,"91,435.00","2,73,848.00",3,"97,472",0.938064265
Sant Kabir Nagar,2021,2021 - 2022,"91,502.00","2,71,761.00",2.97,"1,92,238",0.475982896
Sant Ravidas Nagar,2010,2010 - 2011,"22,116.00","44,918.00",2.03,"39,331",0.562304543
Sant Ravidas Nagar,2011,2011 - 2012,"27,635.00","67,098.00",2.43,"44,190",0.62536773
Sant Ravidas Nagar,2012,2012 - 2013,"23,422.00","59,750.00",2.55,"40,250",0.581913043
Sant Ravidas Nagar,2013,2013 - 2014,"27,721.00","70,938.00",2.56,"45,106",0.614574558
Sant Ravidas Nagar,2014,2014 - 2015,"27,981.00","61,950.00",2.21,"48,482",0.577142032
Sant Ravidas Nagar,2015,2015 - 2016,"28,180.00","58,502.00",2.08,"45,721",0.616346974
Sant Ravidas Nagar,2016,2016 - 2017,"30,104.00","83,960.00",2.79,"46,576",0.646341463
Sant Ravidas Nagar,2017,2017 - 2018,"28,105.00","89,430.00",3.18,"44,225",0.635500283
Sant Ravidas Nagar,2018,2018 - 2019,"28,888.00","90,188.00",3.12,"43,108",0.670130834
Sant Ravidas Nagar,2019,2019 - 2020,"27,050.00","83,179.00",3.08,"44,132",0.612933925
Sant Ravidas Nagar,2020,2020 - 2021,"27,549.00","83,942.00",3.05,"42,906",0.642078031
Sant Ravidas Nagar,2021,2021 - 2022,"27,397.00","84,081.00",3.07,"80,553",0.340111479
Shahjahanpur,2010,2010 - 2011,"2,11,075.00","4,30,171.00",2.04,"2,87,339",0.734585281
Shahjahanpur,2011,2011 - 2012,"1,91,093.00","5,00,281.00",2.62,"2,63,415",0.725444641
Shahjahanpur,2012,2012 - 2013,"2,15,646.00","5,79,441.00",2.69,"2,90,007",0.743588948
Shahjahanpur,2013,2013 - 2014,"1,98,105.00","5,31,714.00",2.68,"2,66,385",0.743679261
Shahjahanpur,2014,2014 - 2015,"2,03,946.00","5,72,069.00",2.81,"2,73,616",0.745373078
Shahjahanpur,2015,2015 - 2016,"1,50,292.00","4,73,270.00",3.15,"2,37,169",0.633691587
Shahjahanpur,2016,2016 - 2017,"2,05,666.00","6,11,651.00",2.97,"2,75,943",0.745320592
Shahjahanpur,2017,2017 - 2018,"2,04,931.00","6,67,870.00",3.26,"2,84,426",0.720507267
Shahjahanpur,2018,2018 - 2019,"1,84,441.00","5,73,427.00",3.11,"2,51,308",0.733924109
Shahjahanpur,2019,2019 - 2020,"2,09,521.00","7,40,657.00",3.54,"2,75,692",0.759982154
Shahjahanpur,2020,2020 - 2021,"2,04,346.00","7,82,441.00",3.83,"3,28,921",0.62126164
Shahjahanpur,2021,2021 - 2022,"2,06,540.00","6,82,202.00",3.3,"5,70,063",0.362310832
Samli,2012,2012 - 2013,"20,766.00","53,639.00",2.58,"87,139",0.238308909
Samli,2013,2013 - 2014,"19,778.00","52,234.00",2.64,"86,224",0.229379291
Samli,2014,2014 - 2015,"22,666.00","59,952.00",2.65,"86,211",0.262913085
Samli,2015,2015 - 2016,"19,078.00","47,657.00",2.5,"78,576",0.242796783
Samli,2016,2016 - 2017,"20,441.00","57,623.00",2.82,"84,624",0.24155086
Samli,2017,2017 - 2018,"20,105.00","60,295.00",3,"86,388",0.232729083
Samli,2018,2018 - 2019,"20,271.00","53,860.00",2.66,"86,273",0.23496343
Samli,2019,2019 - 2020,"20,815.00","71,062.00",3.41,"85,722",0.242819813
Samli,2020,2020 - 2021,"21,015.00","64,831.00",3.08,"89,217",0.235549279
Samli,2021,2021 - 2022,"20,766.00","60,429.00",2.91,"1,12,162",0.185142918
Shrawasti,2010,2010 - 2011,"71,137.00","1,35,658.00",1.91,"97,968",0.726124857
Shrawasti,2011,2011 - 2012,"74,974.00","1,39,452.00",1.86,"1,02,582",0.730868963
Shrawasti,2012,2012 - 2013,"73,500.00","1,63,832.00",2.23,"98,745",0.744341486
Shrawasti,2013,2013 - 2014,"75,337.00","1,55,119.00",2.06,"1,05,627",0.713236199
Shrawasti,2014,2014 - 2015,"79,949.00","1,73,889.00",2.17,"1,00,321",0.796931849
Shrawasti,2015,2015 - 2016,"72,532.00","1,41,437.00",1.95,"87,904",0.825127412
Shrawasti,2016,2016 - 2017,"72,247.00","1,88,854.00",2.61,"96,533",0.74841764
Shrawasti,2017,2017 - 2018,"75,183.00","1,93,596.00",2.57,"97,459",0.771432089
Shrawasti,2018,2018 - 2019,"78,797.00","1,99,908.00",2.54,"1,01,316",0.777735007
Shrawasti,2019,2019 - 2020,"77,399.00","1,88,080.00",2.43,"1,04,080",0.743649116
Shrawasti,2020,2020 - 2021,"74,772.00","1,96,277.00",2.63,"88,204",0.847716657
Shrawasti,2021,2021 - 2022,"75,066.00","1,46,154.00",1.95,"1,80,110",0.416778635
Siddharthnagar,2010,2010 - 2011,"1,75,157.00","4,15,297.00",2.37,"1,80,339",0.971265228
Siddharthnagar,2011,2011 - 2012,"1,69,824.00","4,35,429.00",2.56,"1,75,064",0.970068089
Siddharthnagar,2012,2012 - 2013,"1,60,991.00","4,11,332.00",2.55,"1,66,273",0.968232966
Siddharthnagar,2013,2013 - 2014,"1,73,903.00","4,77,016.00",2.74,"1,79,023",0.971400323
Siddharthnagar,2014,2014 - 2015,"1,70,404.00","4,14,082.00",2.43,"1,75,754",0.969559726
Siddharthnagar,2015,2015 - 2016,"1,84,234.00","4,16,737.00",2.26,"1,89,750",0.970930171
Siddharthnagar,2016,2016 - 2017,"1,73,507.00","4,03,751.00",2.33,"1,79,176",0.968360718
Siddharthnagar,2017,2017 - 2018,"1,73,507.00","4,49,210.00",2.59,"1,78,473",0.972175063
Siddharthnagar,2018,2018 - 2019,"1,74,713.00","5,51,045.00",3.15,"1,80,637",0.967204947
Siddharthnagar,2019,2019 - 2020,"1,72,254.00","4,92,302.00",2.86,"1,77,103",0.972620453
Siddharthnagar,2020,2020 - 2021,"1,73,507.00","4,95,015.00",2.85,"1,77,136",0.979512917
Siddharthnagar,2021,2021 - 2022,"1,73,497.00","4,55,950.00",2.63,"3,50,894",0.494442766
Sitapur,2010,2010 - 2011,"1,56,947.00","3,10,441.00",1.98,"3,22,363",0.486864187
Sitapur,2011,2011 - 2012,"1,55,655.00","3,46,177.00",2.22,"3,25,572",0.478097011
Sitapur,2012,2012 - 2013,"1,62,205.00","3,88,481.00",2.4,"3,41,744",0.474638911
Sitapur,2013,2013 - 2014,"1,69,741.00","4,13,998.00",2.44,"3,58,376",0.473639418
Sitapur,2014,2014 - 2015,"1,64,128.00","3,82,911.00",2.33,"3,49,509",0.469595919
Sitapur,2015,2015 - 2016,"1,60,459.00","3,46,271.00",2.16,"3,46,025",0.463720829
Sitapur,2016,2016 - 2017,"1,67,913.00","3,91,237.00",2.33,"3,61,484",0.464510186
Sitapur,2017,2017 - 2018,"1,63,813.00","3,83,978.00",2.34,"3,60,584",0.454299137
Sitapur,2018,2018 - 2019,"1,58,977.00","3,92,832.00",2.47,"3,51,799",0.451897248
Sitapur,2019,2019 - 2020,"1,59,960.00","4,68,043.00",2.93,"3,56,173",0.449107597
Sitapur,2020,2020 - 2021,"1,66,882.00","4,74,279.00",2.84,"3,90,854",0.426967615
Sitapur,2021,2021 - 2022,"1,64,645.00","4,37,132.00",2.65,"6,01,273",0.273827363
Sonbhadra,2010,2010 - 2011,"27,442.00","42,014.00",1.53,"69,057",0.397381873
Sonbhadra,2011,2011 - 2012,"32,987.00","67,260.00",2.04,"78,616",0.41959652
Sonbhadra,2012,2012 - 2013,"35,344.00","73,586.00",2.08,"84,524",0.418153424
Sonbhadra,2013,2013 - 2014,"30,842.00","66,680.00",2.16,"72,661",0.424464293
Sonbhadra,2014,2014 - 2015,"29,426.00","52,290.00",1.78,"72,796",0.404225507
Sonbhadra,2015,2015 - 2016,"42,653.00","63,425.00",1.49,"88,282",0.483144922
Sonbhadra,2016,2016 - 2017,"32,582.00","84,583.00",2.6,"77,312",0.421435224
Sonbhadra,2017,2017 - 2018,"38,874.00","1,05,698.00",2.72,"81,159",0.478985695
Sonbhadra,2018,2018 - 2019,"32,700.00","94,307.00",2.88,"74,205",0.440671114
Sonbhadra,2019,2019 - 2020,"29,917.00","87,178.00",2.91,"75,215",0.397753108
Sonbhadra,2020,2020 - 2021,"33,788.00","99,472.00",2.94,"80,082",0.421917535
Sonbhadra,2021,2021 - 2022,"31,903.00","99,697.00",3.13,"1,36,734",0.233321632
Sultanpur,2010,2010 - 2011,"90,048.00","2,16,836.00",2.41,"1,22,448",0.735397883
Sultanpur,2011,2011 - 2012,"93,636.00","2,27,161.00",2.43,"1,21,389",0.771371376
Sultanpur,2012,2012 - 2013,"93,861.00","2,36,060.00",2.51,"1,21,371",0.773339595
Sultanpur,2013,2013 - 2014,"93,449.00","2,27,735.00",2.44,"1,22,053",0.765642795
Sultanpur,2014,2014 - 2015,"85,103.00","1,51,568.00",1.78,"1,14,292",0.744610296
Sultanpur,2015,2015 - 2016,"99,552.00","2,06,770.00",2.08,"1,30,120",0.765078389
Sultanpur,2016,2016 - 2017,"96,002.00","2,22,629.00",2.32,"1,23,117",0.77976234
Sultanpur,2017,2017 - 2018,"95,969.00","3,06,621.00",3.2,"1,22,433",0.783849126
Sultanpur,2018,2018 - 2019,"94,804.00","3,34,753.00",3.53,"1,15,918",0.817854
Sultanpur,2019,2019 - 2020,"91,730.00","2,86,198.00",3.12,"1,19,119",0.770070266
Sultanpur,2020,2020 - 2021,"92,290.00","2,75,763.00",2.99,"1,11,948",0.824400615
Sultanpur,2021,2021 - 2022,"94,016.00","2,74,997.00",2.93,"2,20,339",0.426687967
Unnao,2010,2010 - 2011,"81,000.00","1,38,186.00",1.71,"1,63,595",0.495125157
Unnao,2011,2011 - 2012,"96,881.00","1,73,708.00",1.79,"1,84,159",0.526072579
Unnao,2012,2012 - 2013,"98,269.00","1,92,804.00",1.96,"1,80,295",0.54504562
Unnao,2013,2013 - 2014,"1,02,455.00","2,18,229.00",2.13,"1,82,919",0.560111306
Unnao,2014,2014 - 2015,"96,435.00","1,61,818.00",1.68,"1,69,400",0.569273908
Unnao,2015,2015 - 2016,"87,261.00","1,38,221.00",1.58,"1,72,554",0.505702563
Unnao,2016,2016 - 2017,"99,887.00","1,93,981.00",1.94,"1,83,251",0.545082974
Unnao,2017,2017 - 2018,"94,990.00","1,99,194.00",2.1,"1,75,293",0.541892717
Unnao,2018,2018 - 2019,"1,02,500.00","1,87,473.00",1.83,"1,90,500",0.538057743
Unnao,2019,2019 - 2020,"96,540.00","2,54,286.00",2.63,"1,81,075",0.533149248
Unnao,2020,2020 - 2021,"99,011.00","2,31,686.00",2.34,"1,78,718",0.554006871
Unnao,2021,2021 - 2022,"96,337.00","2,04,716.00",2.12,"3,54,711",0.271592931
Varanasi,2010,2010 - 2011,"42,021.00","84,882.00",2.02,"65,084",0.645642554
Varanasi,2011,2011 - 2012,"50,950.00","1,12,854.00",2.21,"72,836",0.699516722
Varanasi,2012,2012 - 2013,"42,757.00","1,03,814.00",2.43,"65,284",0.654938423
Varanasi,2013,2013 - 2014,"46,938.00","1,00,964.00",2.15,"70,075",0.669825187
Varanasi,2014,2014 - 2015,"43,862.00","1,01,848.00",2.32,"65,828",0.666312208
Varanasi,2015,2015 - 2016,"45,770.00","94,240.00",2.06,"67,670",0.676370622
Varanasi,2016,2016 - 2017,"50,288.00","1,23,457.00",2.45,"72,355",0.695017621
Varanasi,2017,2017 - 2018,"51,719.00","1,31,832.00",2.55,"74,299",0.696092814
Varanasi,2018,2018 - 2019,"48,013.00","1,21,425.00",2.53,"70,172",0.684218777
Varanasi,2019,2019 - 2020,"47,540.00","1,26,266.00",2.66,"69,843",0.680669502
Varanasi,2020,2020 - 2021,"50,974.00","1,34,011.00",2.63,"69,522",0.733206755
Varanasi,2021,2021 - 2022,"47,967.00","1,31,478.00",2.74,"1,30,729",0.366919352
